id,name,buildingId,floorId
10001,University Tower,,
10002,Gateway Study Center,,
10003,Aldrich Hall,,
10004,Public Services,,
10005,Cross-Cultural Center,,
10006,Engineering Lecture Hall,,
10007,Engineering Tower,,
10008,Humanities Gateway,,
10009,Humanities Hall,,
10010,Humanities Instructional Building,,
10011,Information & Computer Science 2,,
10012,Krieger Hall,,
10013,McGaugh Hall,,
10014,Music & Media Building,,
10015,Parkview Classroom Building,,
10016,Phoenix Food Court,,
10017,Qureshey Research Laboratory,,
10018,Frederick Reines Hall,,
10019,Rowland Hall,,
10020,Howard Schneiderman Lecture Hall,,
10021,Social Science Hall,,
10022,Social Science Laboratory,,
10023,Social Science Tower,,
10024,Social Science Trailer,,
10025,Social Science Trailer,,
10026,Steinhaus Hall,,
10027,Physical Sciences Lecture Hall,,
10028,Engineering & Computing Trailer,,
10029,Bonney Research Laboratory,,
10030,Natural Sciences II,,
10031,Biological Sciences III,,
10032,Engineering Hall,,
10033,Disability Services Center,,
10034,Interim Classroom Facility,,
10035,Rockwell Engineering Center,,
10036,Physical Sciences Classroom Building,,
10037,Natural Sciences I,,
10038,Disability Services Center,,
10039,Engineering Laboratory Facility,,
10040,Physical Sciences High Bay,,
10041,Engineering Gateway,,
10042,Croul Hall,,
10043,Donald Bren Hall,,
10044,Mesa Arts Building,,
10045,Langson Library,,
10046,Calif. Inst. for Telecom. & Info. Tech.,,
10047,Multipurpose Science & Technology Bldg.,,
10048,Grounds Maintenance Facility,,
10049,Administrative Modular,,
10050,Building Services Bldg.,,
10051,Anteater Instruction & Research Building,,
10052,Social & Behavioral Sciences Gateway,,
10053,Social Science Lecture Hall,,
10054,pippin,,
10055,Merage School of Business,,
10056,Contemporary Arts Center,,
10057,Anteater Ballpark/Newkirk Pavilion,,
10058,Anteater Learning Pavilion,,
10059,Anteater Recreation Center (ARC),,
10060,Arboretum,,
10061,Ayala Science Library,,
10062,Banning House,,
10063,Beckman Laser Institute,,
10064,Berk Hall/Nursing Science,,
10065,Bison Modular,,
10066,Bren Events Center,,
10067,Centerpointe,,
10068,Child Development Center,,
10069,Childrens Center,,
10070,Court Building,,
10071,Education Building,,
10072,Electrical Substation,,
10073,Field Building,,
10074,Gavin Herbert Eye Institute,,
10075,Gillespie Neuroscience Research Facility,,
10076,Gottschalk Medical Plaza,,
10077,Hewitt Research Hall,,
10078,Information & Computer Science,,
10079,Irvine Hall,,
10080,Law Building,,
10081,Medical Education Building,,
10082,Medical Sciences A,,
10083,Medical Sciences A Annex,,
10084,Medical Sciences B,,
10085,Medical Sciences C,,
10086,"Medical Sciences D, Cheney Hall",,
10087,Medical Sciences E,,
10088,Medical Surge I,,
10089,Medical Surge II,,
10090,Mesa Office Building,,
10091,Newkirk Alumni Center,,
10092,Sprague Hall,,
10093,Student Center,,
10094,Student Center Parking Structure,,
10095,Student Health Center,,
10096,Sue & Bill Gross Hall: A CIRM Institute,,
10097,Tamkin Student Lecture Building,,
10098,University Research Center,,
12510,Continuing Education,,
12511,Facilities Management Building,,
12512,Social Science Plaza A,,
12513,Early Childhood Education Center,,
12514,Starbucks Kiosk,,
12515,Crawford Hall,,
12516,Receiving,,
12517,Facilities Management Shops,,
12518,Social Ecology I,,
12519,Merage School of Business II,,
12520,Continuing Education 5,,
12521,B.C.s Cavern Food Court,,
12522,KUCI Radio Station,,
12523,Arts Annex,,
12524,Winifred Smith Hall,,
12525,Claire Trevor Theatre,,
12526,Robert Cohen Theatre & Dance Studios,,
12527,William J. Gillespie Performance Studios,,
12528,Cafe Med,,
12529,Central Plant,,
12530,Track & Field House,,
12531,Anteater Stadium,,
12532,Crawford Clubhouse,,
12533,Multipurpose Academic & Administrative Bldg.,,
12534,Infant/Toddler Center 1,,
12535,Student Health Center II,,
12536,Env. Health & Safety Services Facility,,
12537,Production Studio,,
12538,Faculty Research Facility,,
12539,near Merage School of Business II,,
12540,Summer Session B,,
12541,Summer Session A,,
12542,Continuing Education 4,,
12543,Continuing Education 3,,
12544,Continuing Education 6,,
12545,Infant/Toddler Center 2,,
12546,Intercollegiate Athletics Building,,
12547,Arts Instruction & Technology Resource Center,,
12548,Drama Building,,
12549,Art Studio,,
12550,Studio Four,,
12551,Medical Sciences Classroom Facility,,
12552,Social Science Plaza B,,
12553,Social Ecology II,,
12554,Academy Univ. Research Park,,
12555,California Univ Research Park,,
12556,Middle Earth Pippin Commons,,
12557,Arroyo Vista Housing Office,,
12558,Innovation Univ Research Park,,
12559,Uni Hills Community Ctr,,
12560,ICHA Poolhouse #4,,
12561,Anteater Community Resource Center,,
12562,Palo Verde 2 Housing Office,,
12563,Theory Univ Research Park,,
12564,Theory Dr Univ Research Park,,
12565,Tierney Uni House,,
12566,Verano Place Cyber Cafe (3400),,
12567,Verano Place 67000,,
12568,Verano Place 68000,,
12569,Verano Place Housing Office,,
12570,Verano Place Extended Day Care,,
12571,Verano Place Preschool,,
13202,floor 1,10095,
13203,floor 1,10004,
13204,floor 1,12510,
13205,floor 2,12510,
13206,floor 5,12510,
13207,floor t,12511,
13208,floor b,10045,
13209,floor b,12512,
13210,floor 1,12513,
13211,floor 1,10072,
13212,floor -,12514,
13213,floor b,12515,
13214,floor 2,12516,
13215,floor 1,10060,
13216,floor 1,12517,
13217,floor 2,10002,
13218,floor 1,10045,
13219,floor 2,10045,
13220,floor 3,10045,
13221,floor 4,10045,
13222,floor 1,10005,
13223,floor b,10093,
13224,floor 1,10023,
13225,floor 3,10023,
13226,floor 4,10023,
13227,floor 5,10023,
13228,floor 6,10023,
13229,floor 7,10023,
13230,floor 1,10016,
13231,floor 1,12518,
13232,floor 1,12519,
13233,floor 1,10055,
13234,floor 1,10062,
13235,floor 1,12520,
13236,floor 1,10078,
13237,floor 2,10078,
13238,floor 1,10007,
13239,floor 1,10032,
13240,floor 1,10035,
13241,floor 1,10046,
13242,floor 3,10046,
13243,floor 4,10046,
13244,floor 1,10018,
13245,floor 1,12521,
13246,floor 2,10017,
13247,floor 3,10017,
13248,floor 1,10029,
13249,floor 1,10065,
13250,floor 2,10061,
13251,floor 4,10061,
13252,floor 5,10061,
13253,floor 6,10061,
13254,floor 1,12522,
13255,floor 1,12523,
13256,floor 1,10054,
13257,floor 1,10009,
13258,floor 1,10058,
13259,floor 2,10058,
13260,floor 3,10058,
13261,floor 1,10059,
13262,floor 2,10059,
13263,floor 1,10070,
13264,floor 1,10073,
13265,floor 1,12524,
13266,floor 1,12525,
13267,floor 1,12526,
13268,floor 1,10056,
13269,floor 1,12527,
13270,floor 1,12528,
13271,floor 1,10089,
13272,floor 1,10087,
13273,floor 1,10081,
13274,floor 1,10096,
13275,floor 2,10096,
13276,floor 3,10096,
13277,floor 4,10096,
13278,floor 1,10074,
13279,floor 1,10050,
13280,floor 1,10066,
13281,floor 2,10066,
13282,floor 2,12529,
13283,floor 1,12515,
13284,floor 1,12530,
13285,floor 1,12531,
13286,floor 1,10057,
13287,floor 2,10057,
13288,floor 1,12532,
13289,floor b,10003,
13290,floor 1,12533,
13291,floor 2,12533,
13292,floor 3,12533,
13293,floor 4,12533,
13294,floor 3,10071,
13295,floor b,10019,
13296,floor 1,10080,
13297,floor 2,10080,
13298,floor b,10026,
13299,floor 1,12534,
13300,floor 1,12535,
13301,floor 2,10004,
13302,floor b,10052,
13303,floor 1,10071,
13304,floor 2,10071,
13305,floor b,10018,
13306,floor 1,12536,
13307,floor 2,12536,
13308,floor b,10042,
13309,floor 3,10080,
13310,floor 4,10080,
13311,floor b,10013,
13312,floor b,10031,
13313,floor 1,10044,
13314,floor 2,10044,
13315,floor 3,10044,
13316,floor b,10058,
13317,floor b,10010,
13318,floor b,10056,
13319,floor 1,12537,
13320,floor b,10076,
13321,floor 3,12510,
13322,floor b,10081,
13323,floor b,10075,
13324,floor b,10092,
13325,floor b,10077,
13326,floor 4,12510,
13327,floor b,10096,
13328,floor b,10074,
13329,floor 1,10068,
13330,floor 1,12511,
13331,floor 1,12538,
13332,floor 1,10002,
13333,floor 5,10045,
13334,floor 1,10003,
13335,floor 2,10003,
13336,floor 3,10003,
13337,floor 4,10003,
13338,floor 5,10003,
13339,floor 6,10003,
13340,floor g,10093,
13341,floor a,10093,
13342,floor c,10093,
13343,floor 1,10021,
13344,floor 2,10023,
13345,floor 1,10022,
13346,floor 2,10022,
13347,floor 4,10022,
13348,floor 1,10025,
13349,floor 2,12518,
13350,floor 3,12518,
13351,floor 1,10053,
13352,floor 2,12539,
13353,floor 2,12519,
13354,floor 3,12519,
13355,floor 4,12519,
13356,floor 1,12540,
13357,floor 2,12540,
13358,floor 1,12541,
13359,floor 2,12541,
13360,floor 1,12542,
13361,floor 1,12543,
13362,floor 1,12544,
13363,floor 3,10078,
13364,floor 4,10078,
13365,floor 2,10007,
13366,floor 3,10007,
13367,floor 4,10007,
13368,floor 5,10007,
13369,floor 6,10007,
13370,floor 7,10007,
13371,floor 8,10007,
13372,floor 9,10007,
13373,floor 1,10011,
13374,floor 2,10011,
13375,floor 1,10006,
13376,floor 3,10035,
13377,floor 1,10038,
13378,floor 1,10034,
13379,floor 1,10028,
13380,floor 1,10039,
13381,floor 2,10039,
13382,floor 1,10019,
13383,floor 2,10019,
13384,floor 3,10019,
13385,floor 4,10019,
13386,floor 5,10019,
13387,floor 1,10027,
13388,floor 1,10036,
13389,floor 2,10036,
13390,floor 1,10047,
13391,floor 2,10047,
13392,floor 1,10049,
13393,floor 1,10091,
13394,floor 2,10091,
13395,floor 1,10020,
13396,floor 1,10026,
13397,floor 2,10026,
13398,floor 3,10026,
13399,floor 4,10026,
13400,floor 5,10026,
13401,floor 1,10017,
13402,floor 1,10061,
13403,floor 3,10061,
13404,floor 1,12545,
13405,floor 2,10090,
13406,floor 1,10012,
13407,floor 2,10012,
13408,floor 3,10012,
13409,floor 4,10012,
13410,floor 5,10012,
13411,floor 2,10009,
13412,floor 3,10009,
13413,floor 1,10010,
13414,floor 2,10010,
13415,floor 3,10010,
13416,floor 4,10010,
13417,floor 1,12546,
13418,floor 2,12546,
13419,floor 1,12547,
13420,floor 2,12547,
13421,floor 1,12548,
13422,floor 2,12548,
13423,floor 1,12549,
13424,floor 1,12550,
13425,floor 2,12550,
13426,floor 1,10014,
13427,floor 2,10014,
13428,floor 3,10014,
13429,floor 1,10064,
13430,floor 2,10064,
13431,floor 1,10088,
13432,floor 2,10084,
13433,floor 2,10089,
13434,floor 1,10082,
13435,floor 1,10063,
13436,floor 2,10063,
13437,floor 2,10076,
13438,floor 2,10085,
13439,floor 1,10097,
13440,floor 1,12551,
13441,floor 1,10079,
13442,floor 2,10079,
13443,floor 1,10092,
13444,floor 2,10092,
13445,floor 3,10092,
13446,floor 1,10048,
13447,floor 3,10002,
13448,floor 1,12512,
13449,floor 2,12512,
13450,floor 3,12512,
13451,floor 4,12512,
13452,floor 5,12512,
13453,floor 1,12552,
13454,floor 2,12552,
13455,floor 3,12552,
13456,floor 4,12552,
13457,floor 5,12552,
13458,floor 1,10052,
13459,floor 2,10052,
13460,floor 3,10052,
13461,floor 4,10052,
13462,floor 5,10052,
13463,floor 1,12553,
13464,floor 2,12553,
13465,floor 3,12553,
13466,floor 2,10055,
13467,floor 3,10055,
13468,floor 4,10055,
13469,floor 5,10055,
13470,floor 2,10032,
13471,floor 3,10032,
13472,floor 4,10032,
13473,floor 5,10032,
13474,floor 1,10043,
13475,floor 2,10043,
13476,floor 3,10043,
13477,floor 4,10043,
13478,floor 5,10043,
13479,floor 6,10043,
13480,floor 1,10041,
13481,floor 2,10041,
13482,floor 3,10041,
13483,floor 4,10041,
13484,floor 2,10046,
13485,floor 2,10018,
13486,floor 3,10018,
13487,floor 4,10018,
13488,floor 5,10018,
13489,floor 1,10030,
13490,floor 2,10030,
13491,floor 3,10030,
13492,floor 4,10030,
13493,floor 5,10030,
13494,floor 1,10015,
13495,floor 1,10040,
13496,floor 2,10040,
13497,floor 1,10042,
13498,floor 2,10042,
13499,floor 3,10042,
13500,floor 1,10013,
13501,floor 2,10013,
13502,floor 3,10013,
13503,floor 4,10013,
13504,floor 5,10013,
13505,floor 1,10037,
13506,floor 2,10037,
13507,floor 3,10037,
13508,floor 4,10037,
13509,floor 1,10031,
13510,floor 2,10031,
13511,floor 3,10031,
13512,floor 1,10008,
13513,floor 2,10008,
13514,floor 3,10008,
13515,floor 4,10008,
13516,floor 1,10051,
13517,floor 2,10051,
13518,floor 3,10051,
13519,floor 4,10051,
13520,floor 2,10056,
13521,floor 3,10056,
13522,floor 4,10056,
13523,floor 1,10083,
13524,floor 1,10076,
13525,floor 2,10081,
13526,floor 3,10081,
13527,floor 1,10075,
13528,floor 1,10077,
13529,floor 2,10077,
13530,floor 3,10074,
13531,floor 1,12554,
13532,floor 2,12554,
13533,floor 1,12555,
13534,floor 2,12555,
13535,floor 1,10069,
13536,floor 1,10067,
13537,floor 1,12556,
13538,floor 1,12557,
13539,floor 2,12558,
13540,floor 1,12559,
13541,floor 1,12560,
13542,floor 1,12561,
13543,floor 1,12562,
13544,floor 2,12562,
13545,floor 5,12562,
13546,floor 1,10094,
13547,floor 1,12563,
13548,floor 2,12563,
13549,floor 1,12564,
13550,floor 2,12564,
13551,floor 1,12565,
13552,floor 1,10001,
13553,floor 2,10001,
13554,floor 3,10001,
13555,floor 1,12567,
13556,floor 1,12568,
13557,floor 1,12569,
13558,floor 1,12570,
13559,floor 1,12571,
13990,lobby-0051-clwa-lobby,10095,13202
13991,conference-0071b-clwa-conference,10004,13203
13992,Lobby-0081-clwa-Lobby,12510,13204
13993,Lobby-0081-clwb-Lobby,12510,13204
13994,courtyard-0082-clwa-courtyard,12510,13205
13995,lobby-0082-clwa-lobby,12510,13205
13996,patio-0082-clwa-patio,12510,13205
13997,courtyard-0082-clwb-courtyard,12510,13205
13998,lobby-0082-clwb-lobby,12510,13205
13999,patio-0082-clwb-patio,12510,13205
14000,elevator-0085-clwa-elevator,12510,13206
14001,mdf-092t-clwa-mdf,12511,13207
14002,basement-102b-clwa-basement,10045,13208
14003,basement-102b-clwb-basement,10045,13208
14004,basement-102b-clwc-basement,10045,13208
14005,MDF-211b-clwa-MDF,12512,13209
14006,office-0231-clwa-office,12513,13210
14007,controlRm-0401-clwa-controlRm,10072,13211
14008,-518-clwa,12514,13212
14009,-518-clwb,12514,13212
14010,lot-1c-0071-clwa-lot-1c,10004,13203
14011,complab-903b-clwa-complab,12515,13213
14012,pool-903b-clwa-pool,12515,13213
14013,complab-903b-clwb-complab,12515,13213
14014,hvac-n-0912-clwa-hvac-n,12516,13214
14015,hvac-s-0912-clwa-hvac-s,12516,13214
14016,ARBoffice-0961-clwa-ARBoffice,10060,13215
14017,electshop-0971-clwa-electshop,12517,13216
14018,inspector-0971-clwa-inspector,12517,13216
14019,maintoffice-0971-clwa-maintoffice,12517,13216
14020,shopstores-0971-clwa-shopstores,12517,13216
14021,signshop-0971-clwa-signshop,12517,13216
14022,study-1012-clwa-study,10002,13217
14023,study-1012-clwb-study,10002,13217
14024,study-1012-clwc-study,10002,13217
14025,Study-1012-clwd-Study,10002,13217
14026,study-1012-clwe-study,10002,13217
14027,study-1012-clwf-study,10002,13217
14028,study-1012-clwg-study,10002,13217
14029,govinfo-1021-clwa-govinfo,10045,13218
14030,infodesk-1021-clwa-infodesk,10045,13218
14031,study-1021-clwa-study,10045,13218
14032,study-1021-clwb-study,10045,13218
14033,holden-1022-clwa-holden,10045,13219
14034,lobby-1022-clwa-lobby,10045,13219
14035,study-1022-clwa-study,10045,13219
14036,study-1022-clwb-study,10045,13219
14037,study-1022-clwc-study,10045,13219
14038,Archives-1023-clwa-Archives,10045,13220
14039,sorting-1023-clwa-sorting,10045,13220
14040,study-1023-clwa-study,10045,13220
14041,sorting-1023-clwb-sorting,10045,13220
14042,sorting-1024-clwa-sorting,10045,13221
14043,parkroom-1031-clwa-parkroom,10005,13222
14044,bookstore-113b1-clwa-bookstoredock,10093,13223
14045,cbooks-113b1-clwa-cbooks,10093,13223
14046,bookst-113b2-clwa-bookst,10093,13223
14047,plaza-2011-clwa-plaza,10023,13224
14048,elev-hallway-2013-clwa-elev-hallway,10023,13225
14049,elev-hallway-2014-clwa-elev-hallway,10023,13226
14050,elev-hallway-2015-clwa-elev-hallway,10023,13227
14051,elev-hallway-2016-clwa-elev-hallway,10023,13228
14052,elev-hallway-2017-clwa-elev-hallway,10023,13229
14053,phoenix-2041-clwa-phoenix,10016,13230
14054,phoenix-2041-clwb-phoenix,10016,13230
14055,phoenix-2041-clwc-phoenix,10016,13230
14056,lobby-2101-clwa-lobby,12518,13231
14057,courtyard-2211-clwa-courtyard,12519,13232
14058,courtyard-2211-clwb-courtyard,12519,13232
14059,courtyard-2221-clwa-courtyard,10055,13233
14060,courtyard-2221-clwb-courtyard,10055,13233
14061,courtyard-2221-clwc-courtyard,10055,13233
14062,room1-0231-clwa-room1,12513,13210
14063,room3-0231-clwa-room3,12513,13210
14064,room5-0231-clwa-room5,12513,13210
14065,conf-2331-clwa-conf,10062,13234
14066,patio-2331-clwa-patio,10062,13234
14067,terminal-2381-clwa-terminal,12520,13235
14068,mdf-3021-clwa-mdf,10078,13236
14069,plaza-3022-clwa-plaza,10078,13237
14070,breezeway-3031-clwa-breezeway,10007,13238
14071,mdf-3031-clwa-mdf,10007,13238
14072,breezeway-3031-clwb-breezeway,10007,13238
14073,javacity-3081-clwa-javacity,10032,13239
14074,auditorium-3111-clwa-auditorium,10035,13240
14075,atrium-3251-clwa-atrium,10046,13241
14076,auditorium-3251-clwa-auditorium,10046,13241
14077,eastwing-3253-clwa-eastwing,10046,13242
14078,westwing-3253-clwa-westwing,10046,13242
14079,eastwing-3254-clwa-eastwing,10046,13243
14080,westwing-3254-clwa-westwing,10046,13243
14081,lobby-4011-clwa-lobby,10018,13244
14082,cavern-5001-clwa-cavern,12521,13245
14083,cavern-5001-clwb-cavern,12521,13245
14084,cavern-5001-clwc-cavern,12521,13245
14085,atrium-5062-clwa-atrium,10017,13246
14086,conference-5063-clwa-conference,10017,13247
14087,lobby-5121-clwa-lobby,10029,13248
14088,hallway-5151-clwa-hallway,10065,13249
14089,drumsouth-5202a-clwa-drumsouth,10061,13250
14090,drumSouth-5202b-clwa-drumSouth,10061,13250
14091,drumsouth-5202b-clwb-drumsouth,10061,13250
14092,barnorth-5204b-clwa-barNorth,10061,13251
14093,drumnorth-5204b-clwa-barSouth,10061,13251
14094,drumnorth-5204b-clwa-drumnorth,10061,13251
14095,drumsouth-5204b-clwa-drumsouth,10061,13251
14096,drumwest-5204b-clwa-drumwest,10061,13251
14097,barnorth-5205b-clwa-barnorth,10061,13252
14098,barsouth-5205b-clwa-barSouth,10061,13252
14099,drumnorth-5205b-clwa-drumnorth,10061,13252
14100,drumsouth-5205b-clwa-drumsouth,10061,13252
14101,drumwest-5205B-clwa-drumWest,10061,13252
14102,drumwest-5206b-clwa-drumWest,10061,13253
14103,Kuci-5211-clwa-Kuci,12522,13254
14104,bunker-5221b-clwa-bunker,12523,13255
14105,pippin-5291-clwa-pippin,10054,13256
14106,courtyard-6011-clwa-courtyard,10009,13257
14107,courtyard-6011-clwb-courtyard,10009,13257
14108,hallway-6051-clwa-hallway,10058,13258
14109,lecture-6051-clwa-lecture,10058,13258
14110,lounge-6051-clwa-lounge,10058,13258
14111,hallway-6051-clwb-hallway,10058,13258
14112,lecture-6051-clwb-lecture,10058,13258
14113,lounge-6051-clwb-lounge,10058,13258
14114,hallway-6051-clwc-hallway,10058,13258
14115,lecture-6051-clwc-lecture,10058,13258
14116,hallway-6051-clwd-hallway,10058,13258
14117,lecture-6051-clwd-lecture,10058,13258
14118,hallway-6051-clwe-hallway,10058,13258
14119,lecture-6051-clwe-lecture,10058,13258
14120,hallway-6051-clwf-hallway,10058,13258
14121,lecture-6051-clwf-lecture,10058,13258
14122,lecture-6051-clwg-lecture,10058,13258
14123,lecture-6051-clwh-lecture,10058,13258
14124,lecture-6051-clwi-lecture,10058,13258
14125,lecture-6051-clwj-lecture,10058,13258
14126,lecture-6051-clwk-lecture,10058,13258
14127,lecture-6051-clwl-lecture,10058,13258
14128,lecture-6051-clwm-lecture,10058,13258
14129,hallway-6052-clwa-hallway,10058,13259
14130,lecture-6052-clwa-lecture,10058,13259
14131,lounge-6052-clwa-lounge,10058,13259
14132,hallway-6052-clwb-hallway,10058,13259
14133,lecture-6052-clwb-lecture,10058,13259
14134,lounge-6052-clwb-lounge,10058,13259
14135,hallway-6052-clwc-hallway,10058,13259
14136,lecture-6052-clwc-lecture,10058,13259
14137,hallway-6052-clwd-hallway,10058,13259
14138,lecture-6052-clwd-lecture,10058,13259
14139,hallway-6052-clwe-hallway,10058,13259
14140,lecture-6052-clwe-lecture,10058,13259
14141,hallway-6052-clwf-hallway,10058,13259
14142,lecture-6052-clwf-lecture,10058,13259
14143,lecture-6052-clwg-lecture,10058,13259
14144,lecture-6052-clwh-lecture,10058,13259
14145,lounge-6053-clwa-lounge,10058,13260
14146,lounge-6053-clwb-lounge,10058,13260
14147,buslot-6801-clwa-buslot,10059,13261
14148,fitnesslab-6801-clwa-fitnesslab,10059,13261
14149,juicebar-6801-clwa-juicebar,10059,13261
14150,mdf-6801-clwa-mdf,10059,13261
14151,pool-6801-clwa-pool,10059,13261
14152,wellnesslab-6801-clwa-wellnesslab,10059,13261
14153,buslot-6801-clwb-buslot,10059,13261
14154,fitnesslab-6801-clwb-fitnesslab,10059,13261
14155,wellnesslab-6801-clwb-wellnesslab,10059,13261
14156,buslot-6801-clwc-buslot,10059,13261
14157,fitnesslab-6801-clwc-fitnesslab,10059,13261
14158,wellnesslab-6801-clwc-wellnesslab,10059,13261
14159,buslot-6801-clwd-buslot,10059,13261
14160,admin-6802-clwa-admin,10059,13262
14161,backcourtgym-6802-clwa-backcourtgym,10059,13262
14162,cardiohall-6802-clwa-cardiohall,10059,13262
14163,restroomhall-6802-clwa-restroomhall,10059,13262
14164,courthouse-6821-clwa-courthouse,10070,13263
14165,fieldhouse-6841-clwa-fieldhouse,10073,13264
14166,catwalk-7101-clwa-catwalk,12524,13265
14167,entrance-7101-clwa-entrance,12524,13265
14168,BusStop-7111-clwa-BusStop,12525,13266
14169,catwalk-7111-clwa-catwalk,12525,13266
14170,left-ent-7111-clwa-left-ent,12525,13266
14171,right-ent-7111-clwa-right-ent,12525,13266
14172,cohen-theater-7131-clwa-cohen-theater,12526,13267
14173,paciolan-7131-clwa-paciolan,12526,13267
14174,cohen-theater-7131-clwb-cohen-theater,12526,13267
14175,paciolan-7211-clwa-paciolan,10056,13268
14176,lounge-7281-clwa-lounge,12527,13269
14177,lounge-8001-clwa-lounge,12528,13270
14178,meeting-8001-clwa-meeting,12528,13270
14179,lounge-8001-clwb-lounge,12528,13270
14180,incinerator-8121-clwa-incinerator,10089,13271
14181,courtyard-8271-clwa-courtyard,10087,13272
14182,lobby-8361-clwa-lobby,10081,13273
14183,patio-8361-clwa-patio,10081,13273
14184,lobby-8451-clwa-lobby,10096,13274
14185,visitors-8451-clwa-visitors,10096,13274
14186,hallway-8452-clwa-hallway,10096,13275
14187,hallway-8452-clwb-hallway,10096,13275
14188,hall-8453-clwa-hall,10096,13276
14189,hall-8453-clwb-hall,10096,13276
14190,hall-8453-clwc-hall,10096,13276
14191,hall-8454-clwa-hall,10096,13277
14192,hall-8454-clwb-hall,10096,13277
14193,cafe-8501-clwa-cafe,10074,13278
14194,automation-trai-8991-clwa-automation-trai,10050,13279
14195,hallway-8991-clwa-hallway,10050,13279
14196,koll-9011-clwa-koll,10066,13280
14197,koll-hall-9011-clwa-koll-hall,10066,13280
14198,catwalk-9012-clwa-catwalk,10066,13281
14199,east-9012-clwa-east,10066,13281
14200,northeast-9012-clwa-northeast,10066,13281
14201,soundroom-9012-clwa-soundroom,10066,13281
14202,stewart-9012-clwa-stewart,10066,13281
14203,west-9012-clwa-west,10066,13281
14204,catwalk-9012-clwb-catwalk,10066,13281
14205,catwalk-9012-clwc-catwalk,10066,13281
14206,switchroom-9022-clwa-switchroom,12529,13282
14207,BusStop-9031-clwa-BusStop,12515,13283
14208,gym-9031-clwa-gym,12515,13283
14209,training-9031-clwa-training,12515,13283
14210,training-9031-clwb-training,12515,13283
14211,paciolan-9071-clwa-paciolan,12530,13284
14212,tfhouse-9071-clwa-tfhouse,12530,13284
14213,paciolan-9111-clwa-paciolan,12531,13285
14214,track-9111-clwa-track,12531,13285
14215,pressbox-9171-clwa-pressbox,10057,13286
14216,pressbox-9171b-clwb-pressbox,10057,13286
14217,pavillion-9172a-clwa-pavilion,10057,13287
14218,clubhouse-9191-clwa-clubhouse,12532,13288
14219,b17-111b-clwa-b17,10003,13289
14220,100-0021-clwa-100,12533,13290
14221,100-0021-clwb-100,12533,13290
14222,100-0021-clwc-100,12533,13290
14223,110-0021-clwa-110,12533,13290
14224,110-0021-clwb-110,12533,13290
14225,120a-0021-clwa-120a,12533,13290
14226,120b-0021-clwa-120b,12533,13290
14227,130a-0021-clwa-130a,12533,13290
14228,130b-0021-clwa-130b,12533,13290
14229,140-hall-0021-clwa-140-hall,12533,13290
14230,201d-hwy-0022-clwa-201d-hwy,12533,13291
14231,210L-hwy-0022-clwa-210L-hwy,12533,13291
14232,226f-hwy-0022-clwa-226f-hwy,12533,13291
14233,226h-hwy-0022-clwa-226h-hwy,12533,13291
14234,304-0023-clwa-304,12533,13292
14235,310-0023-clwa-310,12533,13292
14236,310b-0023-clwa-310b,12533,13292
14237,320-0023-clwa-320,12533,13292
14238,320-0023-clwb-320,12533,13292
14239,320-0023-clwc-320,12533,13292
14240,330-0023-clwa-330,12533,13292
14241,330-0023-clwb-330,12533,13292
14242,342-0023-clwa-342,12533,13292
14243,405hall-0024-clwa-405hall,12533,13293
14244,408-0024-clwa-408,12533,13293
14245,410-0024-clwa-410,12533,13293
14246,420-0024-clwa-420,12533,13293
14247,420-0024-clwb-420,12533,13293
14248,430-0024-clwa-430,12533,13293
14249,430-0024-clwb-430,12533,13293
14250,358hall-0033-clwa-358hall,10071,13294
14251,373-0033-clwa-373,10071,13294
14252,b35-400b-clwa-b35,10019,13295
14253,b61-400b-clwa-b61,10019,13295
14254,b68-400b-clwa-b68,10019,13295
14255,b68a-400b-clwa-b68a,10019,13295
14256,b68-400b-clwb-b68,10019,13295
14257,101-0041-clwa-101,10080,13296
14258,101hallway-0041-clwa-101hallway,10080,13296
14259,102-0041-clwa-102,10080,13296
14260,102hallway-0041-clwa-102hallway,10080,13296
14261,107-0041-clwa-107,10080,13296
14262,109-0041-clwa-109,10080,13296
14263,202-0042-clwa-202,10080,13297
14264,212hall-0042-clwa-212hall,10080,13297
14265,220-0042-clwa-220,10080,13297
14266,221-0042-clwa-221,10080,13297
14267,222-0042-clwa-222,10080,13297
14268,223-0042-clwa-223,10080,13297
14269,b62b-502b-clwa-b62b,10026,13298
14270,126hall-0051-clwa-126hall,10095,13202
14271,140hall-0051-clwa-140hall,10095,13202
14272,145hall-0051-clwa-145hall,10095,13202
14273,153hall-0051-clwa-153hall,10095,13202
14274,175hall-0051-clwa-175hall,10095,13202
14275,trailer1-5221-clwa-trailer1,12523,13255
14276,trailer2-5221-clwa-trailer2,12523,13255
14277,room3-5331-clwa-room3,12534,13299
14278,room4-5331-clwa-room4,12534,13299
14279,105-0061-clwa-105,12535,13300
14280,114-0061-clwa-114,12535,13300
14281,124-0061-clwa-124,12535,13300
14282,-100-0071a-clwa-100,10004,13203
14283,-151-0071b-clwa-151,10004,13203
14284,-200-0072a-clwa-200,10004,13301
14285,paciolan1-9031-clwa-paciolan1,12515,13283
14286,paciolan1-9171b-clwa-paciolan1,10057,13286
14287,g200-214b-clwa-g200,10052,13302
14288,g231-214b-clwa-g231,10052,13302
14289,g240-214b-clwa-g240,10052,13302
14290,1012hall-0031-clwa-1012hall,10071,13303
14291,1056hall-0031-clwa-1056hall,10071,13303
14292,1082hall-0031-clwa-1082hall,10071,13303
14293,1111-0031-clwa-1111,10071,13303
14294,1111-0031-clwb-1111,10071,13303
14295,1111-0031-clwc-1111,10071,13303
14296,1121-0031-clwa-1121,10071,13303
14297,1121-0031-clwb-1121,10071,13303
14298,1131-0031-clwa-1131,10071,13303
14299,1131-0031-clwb-1131,10071,13303
14300,1131-0031-clwc-1131,10071,13303
14301,2000-0032-clwa-2000,10071,13304
14302,2001-0032-clwa-2001,10071,13304
14303,2001-0032-clwb-2001,10071,13304
14304,2005-0032-clwa-2005,10071,13304
14305,2008-0032-clwa-2008,10071,13304
14306,2009-0032-clwa-2009,10071,13304
14307,2009-0032-clwb-2009,10071,13304
14308,2010-0032-clwa-2010,10071,13304
14309,2024-0032-clwa-2024,10071,13304
14310,2038hall-0032-clwa-2038hall,10071,13304
14311,2076hall-0032-clwa-2076hall,10071,13304
14312,3000-0033-clwa-3000,10071,13294
14313,3200-0033-clwa-3200,10071,13294
14314,3216-0033-clwa-3216,10071,13294
14315,3238-0033-clwa-3238,10071,13294
14316,3460hall-0033-clwa-3460hall,10071,13294
14317,b007-401b-clwa-b007,10018,13305
14318,b012-401b-clwa-b012,10018,13305
14319,b112-401b-clwa-b112,10018,13305
14320,b132-401b-clwa-b132,10018,13305
14321,111hall-0411-clwa-111hall,12536,13306
14322,135-0411-clwa-135,12536,13306
14323,147hall-0411-clwa-147hall,12536,13306
14324,169-0411-clwa-169,12536,13306
14325,169-0411-clwb-169,12536,13306
14326,169-0411-clwc-169,12536,13306
14327,230hall-0412-clwa-230hall,12536,13307
14328,b212-417b-clwa-b212,10042,13308
14329,b214-417b-clwa-b214,10042,13308
14330,3500-0043-clwa-3500,10080,13309
14331,3500-0043-clwb-3500,10080,13309
14332,3650-0043-clwa-3650,10080,13309
14333,3750-0043-clwa-3750,10080,13309
14334,3800mhall-0043-clwa-3800mhall,10080,13309
14335,4500-0044-clwa-4500,10080,13310
14336,4700-0044-clwa-4700,10080,13310
14337,4750-0044-clwa-4750,10080,13310
14338,4800dhall-0044-clwa-4800dhall,10080,13310
14339,4800phall-0044-clwa-4800phall,10080,13310
14340,4850-0044-clwa-4850,10080,13310
14341,b213hall-503b-clwa-b213hall,10013,13311
14342,b302hall-503b-clwa-b302hall,10013,13311
14343,b321hall-503b-clwa-b321hall,10013,13311
14344,b339hall-503b-clwa-b339hall,10013,13311
14345,b370hall-503b-clwa-b370hall,10013,13311
14346,b445hall-503b-clwa-b445hall,10013,13311
14347,b510-503b-clwa-b510,10013,13311
14348,b105-519b-clwa-b105,10031,13312
14349,b310-519b-clwa-b310,10031,13312
14350,b320-519b-clwa-b320,10031,13312
14351,b330-519b-clwa-b330,10031,13312
14352,b340-519b-clwa-b340,10031,13312
14353,b410-519b-clwa-b410,10031,13312
14354,b520-519b-clwa-b520,10031,13312
14355,b530-519b-clwa-b530,10031,13312
14356,b540-519b-clwa-b540,10031,13312
14357,125-0581-clwa-125,10044,13313
14358,212hall-0582-clwa-212hall,10044,13314
14359,324-0583-clwa-324,10044,13315
14360,b100-605b-clwa-b100,10058,13316
14361,b100-605b-clwb-b100,10058,13316
14362,056hall-610b-clwa-056hall,10010,13317
14363,075hall-610b-clwa-075hall,10010,13317
14364,85-610b-clwa-085,10010,13317
14365,G005-721b-clwa-G005,10056,13318
14366,G005-721b-clwb-G005,10056,13318
14367,G005-721b-clwc-G005,10056,13318
14368,G010-721b-clwa-G010,10056,13318
14369,G021-721b-clwa-G021,10056,13318
14370,G025-721b-clwa-G025,10056,13318
14371,G028-721b-clwa-G028,10056,13318
14372,G028-721b-clwb-G028,10056,13318
14373,G030-721b-clwa-G030,10056,13318
14374,G203-721b-clwa-G203,10056,13318
14375,M04-7231-clwa-M04,12537,13319
14376,1015-0081-clwa-1015,12510,13204
14377,1015hall-0081-clwa-1015hall,12510,13204
14378,1020-0081-clwa-1020,12510,13204
14379,1025-0081-clwa-1025,12510,13204
14380,1035-0081-clwa-1035,12510,13204
14381,1035hall-0081-clwa-1035hall,12510,13204
14382,1036-0081-clwa-1036,12510,13204
14383,1045-0081-clwa-1045,12510,13204
14384,b005Ahall-820b-clwa-b005Ahall,10076,13320
14385,2020-0082-clwa-2020,12510,13205
14386,2030-0082-clwa-2030,12510,13205
14387,2040-0082-clwa-2040,12510,13205
14388,2050-0082-clwa-2050,12510,13205
14389,2060-0082-clwa-2060,12510,13205
14390,2060hall-0082-clwa-2060hall,12510,13205
14391,2070-0082-clwa-2070,12510,13205
14392,2080-0082-clwa-2080,12510,13205
14393,2090-0082-clwa-2090,12510,13205
14394,3000-0083-clwa-3000,12510,13321
14395,3000hall-0083-clwa-3000hall,12510,13321
14396,3010-0083-clwa-3010,12510,13321
14397,3010hall-0083-clwa-3010hall,12510,13321
14398,3020-0083-clwa-3020,12510,13321
14399,3030-0083-clwa-3030,12510,13321
14400,3034hall-0083-clwa-3034hall,12510,13321
14401,3040-0083-clwa-3040,12510,13321
14402,3040hall-0083-clwa-3040hall,12510,13321
14403,3050-0083-clwa-3050,12510,13321
14404,3060-0083-clwa-3060,12510,13321
14405,3060hall-0083-clwa-3060hall,12510,13321
14406,3070-0083-clwa-3070,12510,13321
14407,3080-0083-clwa-3080,12510,13321
14408,3080hall-0083-clwa-3080hall,12510,13321
14409,3083hall-0083-clwa-3083hall,12510,13321
14410,3100-0083-clwa-3100,12510,13321
14411,3100hall-0083-clwa-3100hall,12510,13321
14412,L001-836b-clwa-L001,10081,13322
14413,L001-836b-clwb-L001,10081,13322
14414,L001-836b-clwc-L001,10081,13322
14415,L001-836b-clwd-L001,10081,13322
14416,L002hall-836b-clwa-L002hall,10081,13322
14417,L008hall-836b-clwa-L008hall,10081,13322
14418,L017hall-836b-clwa-L017hall,10081,13322
14419,L028-836b-clwa-L028,10081,13322
14420,L040-836b-clwa-L040,10081,13322
14421,L044hall-836b-clwa-L044hall,10081,13322
14422,L048-836b-clwa-L048,10081,13322
14423,b115hall-837b-clwa-b115hall,10075,13323
14424,b143hall-837b-clwa-b143hall,10075,13323
14425,b209hall-837b-clwa-b209hall,10075,13323
14426,b218hall-837b-clwa-b218hall,10075,13323
14427,b226hall-837b-clwa-b226hall,10075,13323
14428,b234hall-837b-clwa-b234hall,10075,13323
14429,b256hall-837b-clwa-b256hall,10075,13323
14430,b002-839b-clwa-b002,10092,13324
14431,b200-839b-clwa-b200,10092,13324
14432,b200-839b-clwb-b200,10092,13324
14433,b200-839b-clwc-b200,10092,13324
14434,b300-839b-clwa-b300,10092,13324
14435,b300-839b-clwb-b300,10092,13324
14436,b502-839b-clwa-b502,10092,13324
14437,b700c-839b-clwa-b700c,10092,13324
14438,b103-843b-clwa-b103,10077,13325
14439,b106hall-843b-clwa-b106hall,10077,13325
14440,b112-843b-clwa-b112,10077,13325
14441,4000-0084-clwa-4000,12510,13326
14442,4100-0084-clwa-4100,12510,13326
14443,4100hall-0084-clwa-4100hall,12510,13326
14444,4100-0084-clwb-4100,12510,13326
14445,4230-0084-clwa-4230,12510,13326
14446,4250-0084-clwa-4250,12510,13326
14447,4280hall-0084-clwa-4280hall,12510,13326
14448,4300-0084-clwa-4300,12510,13326
14449,4460-0084-clwa-4460,12510,13326
14450,4460hall-0084-clwa-4460hall,12510,13326
14451,4600-0084-clwa-4600,12510,13326
14452,4620-0084-clwa-4620,12510,13326
14453,4628-0084-clwa-4628,12510,13326
14454,4800-0084-clwa-4800,12510,13326
14455,4800-0084-clwb-4800,12510,13326
14456,4827hall-0084-clwa-4827hall,12510,13326
14457,b111hall-845b-clwa-b111hall,10096,13327
14458,b200hall-845b-clwa-b200hall,10096,13327
14459,b309hall-845b-clwa-b309hall,10096,13327
14460,b410hall-845b-clwa-b410hall,10096,13327
14461,b417hall-845b-clwa-b417hall,10096,13327
14462,b612hall-845b-clwa-b612hall,10096,13327
14463,b623hall-845b-clwa-b623hall,10096,13327
14464,b701hall-845b-clwa-b701hall,10096,13327
14465,g003-outside-850b-clwa-g003-outside,10074,13328
14466,g116-850b-clwa-g116,10074,13328
14467,g213-outside-850b-clwa-g213-outside,10074,13328
14468,g312hall-850b-clwa-g312hall,10074,13328
14469,g317hall-850b-clwa-g317hall,10074,13328
14470,g347hall-850b-clwa-g347hall,10074,13328
14471,5000-0085-clwa-5000,12510,13206
14472,5000hall-0085-clwa-5000hall,12510,13206
14473,5010-0085-clwa-5010,12510,13206
14474,5014-0085-clwa-5014,12510,13206
14475,5200-0085-clwa-5200,12510,13206
14476,5402-0085-clwa-5402,12510,13206
14477,5412hall-0085-clwa-5412hall,12510,13206
14478,5500hall-0085-clwa-5500hall,12510,13206
14479,5600-0085-clwa-5600,12510,13206
14480,5610-0085-clwa-5610,12510,13206
14481,5620-0085-clwa-5620,12510,13206
14482,5624hall-0085-clwa-5624hall,12510,13206
14483,5800-0085-clwa-5800,12510,13206
14484,5800-0085-clwb-5800,12510,13206
14485,5800-0085-clwc-5800,12510,13206
14486,-5-0901t-clwa-005,10068,13329
14487,-7-0901t-clwa-007,10068,13329
14488,-9-0901t-clwa-009,10068,13329
14489,106-0901-clwa-106,10068,13329
14490,107-0901-clwa-107,10068,13329
14491,126-0921-clwa-126,12511,13330
14492,201-0921-clwa-201,12511,13330
14493,028hall-0951-clwa-028hall,12538,13331
14494,104-1011-clwa-104,10002,13332
14495,106d-1011-clwa-106d,10002,13332
14496,101a-1021-clwa-101a,10045,13218
14497,208hall-1022-clwa-208hall,10045,13219
14498,225-1022-clwa-225,10045,13219
14499,300-1023-clwa-300,10045,13220
14500,380-1023-clwa-380,10045,13220
14501,386hall-1023-clwa-386hall,10045,13220
14502,396hall-1023-clwa-396hall,10045,13220
14503,400-1024-clwa-400,10045,13221
14504,400-1024-clwb-400,10045,13221
14505,400-1024-clwc-400,10045,13221
14506,525-1025-clwa-525,10045,13333
14507,550hall-1025-clwa-550hall,10045,13333
14508,570-1025-clwa-570,10045,13333
14509,113-1031-clwa-113,10005,13222
14510,107-1111-clwa-107,10003,13334
14511,117-1111-clwa-117,10003,13334
14512,155-1111-clwa-155,10003,13334
14513,160-1111-clwa-160,10003,13334
14514,201-1112-clwa-201,10003,13335
14515,204-1112-clwa-204,10003,13335
14516,209-1112-clwa-209,10003,13335
14517,215-1112-clwa-215,10003,13335
14518,256k-1112-clwa-256k,10003,13335
14519,256n-1112-clwa-256n,10003,13335
14520,260-1112-clwa-260,10003,13335
14521,307-1113-clwa-307,10003,13336
14522,338-private-1113-clwa-338-private,10003,13336
14523,338fhall-1113-clwa-338fhall,10003,13336
14524,345chall-1113-clwa-345chall,10003,13336
14525,354-1113-clwa-354,10003,13336
14526,436-1114-clwa-436,10003,13337
14527,437f-1114-clwa-437f,10003,13337
14528,502-1115-clwa-502,10003,13338
14529,509-1115-clwa-509,10003,13338
14530,512-1115-clwa-512,10003,13338
14531,560-1115-clwa-560,10003,13338
14532,611a-1116-clwa-611a,10003,13339
14533,g102-113g1-clwa-g102,10093,13340
14534,a103-113a1-clwa-a103,10093,13341
14535,a103-113a1-clwb-a103,10093,13341
14536,a104-113a1-clwa-a104,10093,13341
14537,a104-113a1-clwb-a104,10093,13341
14538,a105-113a1-clwa-a105,10093,13341
14539,a105-113a1-clwb-a105,10093,13341
14540,c105-113c1-clwa-c105,10093,13342
14541,c105-113c1-clwb-c105,10093,13342
14542,106d-113a1-clwa-a106d,10093,13341
14543,106e-113a1-clwa-a106e,10093,13341
14544,b106-113b1-clwa-b106,10093,13223
14545,c106-113c1-clwa-c106,10093,13342
14546,c107-113c1-clwa-c107,10093,13342
14547,c107-113c1-clwb-c107,10093,13342
14548,b109-113b1-clwa-b109,10093,13223
14549,b109-113b1-clwb-b109,10093,13223
14550,b109-113b1-clwc-b109,10093,13223
14551,b109-113b1-clwd-b109,10093,13223
14552,c110-113c1-clwa-c110,10093,13342
14553,-c114hall-113c1-clwa-c114hall,10093,13342
14554,b116-113b1-clwa-b116,10093,13223
14555,c117-113c1-clwa-c117,10093,13342
14556,g118a-113g1-clwa-g118a,10093,13340
14557,g118b-113g1-clwa-g118b,10093,13340
14558,g118c-113g1-clwa-g118c,10093,13340
14559,g118d-113g1-clwa-g118d,10093,13340
14560,g118c-113g1-clwb-g118c,10093,13340
14561,g118d-113g1-clwb-g118d,10093,13340
14562,g118d-113g1-clwc-g118d,10093,13340
14563,g118d-113g1-clwd-g118d,10093,13340
14564,a123-113a1-clwa-a123,10093,13341
14565,a126-113a1-clwa-a126,10093,13341
14566,a130-113a1-clwa-a130,10093,13341
14567,a130-113a1-clwb-a130,10093,13341
14568,a131-113a1-clwa-a131,10093,13341
14569,a132-113a1-clwa-a132,10093,13341
14570,a132-113a1-clwb-a132,10093,13341
14571,-c133a-113c1-clwa-c133a,10093,13342
14572,a134a-113a1-clwa-a134a,10093,13341
14573,a134b-113a1-clwa-a134b,10093,13341
14574,a134c-113a1-clwa-a134c,10093,13341
14575,a134d-113a1-clwa-a134d,10093,13341
14576,a134a-113a1-clwb-a134a,10093,13341
14577,a134b-113a1-clwb-a134b,10093,13341
14578,a138hall-113a1-clwa-a138hall,10093,13341
14579,c138-113c1-clwa-c138,10093,13342
14580,b200-113b2-clwa-b200,10093,13223
14581,c200-113c2-clwa-c200,10093,13342
14582,-c200b-113c2-clwa-c200b,10093,13342
14583,c200-113c2-clwb-c200,10093,13342
14584,c200-113c2-clwc-c200,10093,13342
14585,b203-113b2-clwa-b203,10093,13223
14586,b203-113b2-clwb-b203,10093,13223
14587,b203-113b2-clwc-b203,10093,13223
14588,g203-113g2-clwa-g203,10093,13340
14589,g205-113g2-clwa-g205,10093,13340
14590,g205-113g2-clwb-g205,10093,13340
14591,g205-113g2-clwc-g205,10093,13340
14592,g205-113g2-clwd-g205,10093,13340
14593,c211-113c2-clwa-c211,10093,13342
14594,c214-113c2-clwa-c214,10093,13342
14595,c215-113c2-clwa-c215,10093,13342
14596,c215-113c2-clwb-c215,10093,13342
14597,a219a-113a2-clwa-a219a,10093,13341
14598,a219a-113a2-clwb-a219a,10093,13341
14599,a220-113a2-clwa-a220,10093,13341
14600,a220-113a2-clwb-a220,10093,13341
14601,a220-113a2-clwc-a220,10093,13341
14602,a220-113a2-clwd-a220,10093,13341
14603,a220-113a2-clwe-a220,10093,13341
14604,a220-113a2-clwf-a220,10093,13341
14605,g221-113g2-clwa-g221,10093,13340
14606,a228-113a2-clwa-a228,10093,13341
14607,a228-113a2-clwb-a228,10093,13341
14608,a229-113a2-clwa-a229,10093,13341
14609,a229-113a2-clwb-a229,10093,13341
14610,a229-113a2-clwc-a229,10093,13341
14611,a229-113a2-clwd-a229,10093,13341
14612,a229-113a2-clwe-a229,10093,13341
14613,a229-113a2-clwf-a229,10093,13341
14614,g234-113g2-clwa-g234,10093,13340
14615,a235-113a2-clwa-a235,10093,13341
14616,g242-113g2-clwa-g242,10093,13340
14617,g244-113g2-clwa-g244,10093,13340
14618,c249-113c2-clwa-c249,10093,13342
14619,g302-113g3-clwa-g302,10093,13340
14620,g306g-113g3-clwa-g306g,10093,13340
14621,a307-113a3-clwa-a307,10093,13341
14622,g308-113g3-clwa-g308,10093,13340
14623,g308hall-113g3-clwa-g308Nhall,10093,13340
14624,a309-113a3-clwa-a309,10093,13341
14625,g318-113g3-clwa-g318,10093,13340
14626,g319-113g3-clwa-g319,10093,13340
14627,g413-113g4-clwa-g413,10093,13340
14628,g413hall-113g4-clwa-g413hall,10093,13340
14629,g458-113g4-clwa-g458,10093,13340
14630,g474-113g4-clwa-g474,10093,13340
14631,g480-113g4-clwa-g480,10093,13340
14632,100-2001-clwa-100,10021,13343
14633,100-2001-clwb-100,10021,13343
14634,100-2001-clwc-100,10021,13343
14635,100-2001-clwd-100,10021,13343
14636,100-2001-clwe-100,10021,13343
14637,100-2001-clwf-100,10021,13343
14638,107-2011-clwa-107,10023,13224
14639,120-2011-clwa-120,10023,13224
14640,122-2011-clwa-122,10023,13224
14641,155a-2011-clwa-155a,10023,13224
14642,220A-2012-clwa-220A,10023,13344
14643,220B-2012-clwa-220B,10023,13344
14644,220A-2012-clwb-220A,10023,13344
14645,220B-2012-clwb-220B,10023,13344
14646,228-2012-clwa-228,10023,13344
14647,238-2012-clwa-238,10023,13344
14648,308-2013-clwa-308,10023,13225
14649,340-2013-clwa-340,10023,13225
14650,408-2014-clwa-408,10023,13226
14651,442-2014-clwa-442,10023,13226
14652,506-2015-clwa-506,10023,13227
14653,558-2015-clwa-558,10023,13227
14654,569hall-2015-clwa-569hall,10023,13227
14655,610-2016-clwa-610,10023,13228
14656,640-2016-clwa-640,10023,13228
14657,706-2017-clwa-706,10023,13229
14658,762-2017-clwa-762,10023,13229
14659,105-2021-clwa-105,10022,13345
14660,117-2021-clwa-117,10022,13345
14661,119-2021-clwa-119,10022,13345
14662,122-2021-clwa-122,10022,13345
14663,129-2021-clwa-129,10022,13345
14664,140-2021-clwa-140,10022,13345
14665,145-2021-clwa-145,10022,13345
14666,152-2021-clwa-152,10022,13345
14667,155-2021-clwa-155,10022,13345
14668,159-2021-clwa-159,10022,13345
14669,162-2021-clwa-162,10022,13345
14670,168-2021-clwa-168,10022,13345
14671,171-2021-clwa-171,10022,13345
14672,206-2022-clwa-206,10022,13346
14673,228-2022-clwa-228,10022,13346
14674,228-2022-clwb-228,10022,13346
14675,248-2022-clwa-248,10022,13346
14676,248-2022-clwb-248,10022,13346
14677,270-2022-clwa-270,10022,13346
14678,270-2022-clwb-270,10022,13346
14679,290-2022-clwa-290,10022,13346
14680,290-2022-clwb-290,10022,13346
14681,436-2024-clwa-436,10022,13347
14682,100-2031-clwa-100,10025,13348
14683,101-2031-clwa-101,10025,13348
14684,102-2031-clwa-102,10025,13348
14685,103-2031-clwa-103,10025,13348
14686,101-2101-clwa-101,12518,13231
14687,101-2101-clwb-101,12518,13231
14688,112-hall-2101-clwa-112-hall,12518,13231
14689,126-2101-clwa-126,12518,13231
14690,143-2101-clwa-143,12518,13231
14691,160-2101-clwa-160,12518,13231
14692,206f-hall-2102-clwa-206f-hall,12518,13349
14693,226j-hall-2102-clwa-226j-hall,12518,13349
14694,256-hall-2102-clwa-256-hall,12518,13349
14695,272-hall-2102-clwa-272-hall,12518,13349
14696,303-hall-2103-clwa-303-hall,12518,13350
14697,310-2103-clwa-310,12518,13350
14698,315-2103-clwa-315,12518,13350
14699,340-2103-clwa-340,12518,13350
14700,353-hall-2103-clwa-353-hall,12518,13350
14701,366-hall-2103-clwa-366-hall,12518,13350
14702,100-2121-clwa-100,10053,13351
14703,100-2121-clwb-100,10053,13351
14704,100-2121-clwc-100,10053,13351
14705,100-2121-clwd-100,10053,13351
14706,100-2121-clwe-100,10053,13351
14707,100-2121-clwf-100,10053,13351
14708,100-2121-clwg-100,10053,13351
14709,100-2121-clwh-100,10053,13351
14710,218-2192-clwa-218,12539,13352
14711,112-2211-clwa-112,12519,13232
14712,116-2211-clwa-116,12519,13232
14713,117-2211-clwa-117,12519,13232
14714,121-2211-clwa-121,12519,13232
14715,122-2211-clwa-122,12519,13232
14716,215-2212-clwa-215,12519,13353
14717,223-2212-clwa-223,12519,13353
14718,232-2212-clwa-232,12519,13353
14719,318-2213-clwa-318,12519,13354
14720,350-2213-clwa-350,12519,13354
14721,410-2214-clwa-410,12519,13355
14722,414-2214-clwa-414,12519,13355
14723,416-2214-clwa-416,12519,13355
14724,108-2301-clwa-108,12540,13356
14725,204-2302-clwa-204,12540,13357
14726,102-2311-clwa-102,12541,13358
14727,201-2312-clwa-201,12541,13359
14728,109-2321-clwa-109,12542,13360
14729,111-2321-clwa-111,12542,13360
14730,112mdf-2321-clwa-112mdf,12542,13360
14731,100-2341-clwa-100,12543,13361
14732,114-2341-clwa-114,12543,13361
14733,163-2361-clwa-163,12544,13362
14734,167-2361-clwa-167,12544,13362
14735,171-2361-clwa-171,12544,13362
14736,172-2361-clwa-172,12544,13362
14737,175-2361-clwa-175,12544,13362
14738,171-3021-clwa-171,10078,13236
14739,174-3021-clwa-174,10078,13236
14740,174-3021-clwb-174,10078,13236
14741,174-3021-clwc-174,10078,13236
14742,180-3021-clwa-180,10078,13236
14743,183-3021-clwa-183,10078,13236
14744,189-3021-clwa-189,10078,13236
14745,192-3021-clwa-192,10078,13236
14746,193-3021-clwa-193,10078,13236
14747,209-3022-clwa-209,10078,13237
14748,213-3022-clwa-213,10078,13237
14749,219-3022-clwa-219,10078,13237
14750,243-3022-clwa-243,10078,13237
14751,249-3022-clwa-249,10078,13237
14752,253-3022-clwa-253,10078,13237
14753,259-3022-clwa-259,10078,13237
14754,346-3023-clwa-346,10078,13363
14755,360-3023-clwa-360,10078,13363
14756,364-3023-clwa-364,10078,13363
14757,364-3023-clwb-364,10078,13363
14758,408-3024-clwa-408,10078,13364
14759,424-3024-clwa-424,10078,13364
14760,432-3024-clwa-432,10078,13364
14761,458-3024-clwa-458,10078,13364
14762,115hall-3031-clwa-115hall,10007,13238
14763,152hall-3031-clwa-152hall,10007,13238
14764,201-3032-clwa-201,10007,13365
14765,202-3032-clwa-202,10007,13365
14766,203-3032-clwa-203,10007,13365
14767,204-3032-clwa-204,10007,13365
14768,305-3033-clwa-305,10007,13366
14769,325-3033-clwa-325,10007,13366
14770,331-3033-clwa-331,10007,13366
14771,355-3033-clwa-355,10007,13366
14772,408b-3034-clwa-408b,10007,13367
14773,416hall-3034-clwa-416hall,10007,13367
14774,444hall-3034-clwa-444hall,10007,13367
14775,502hall-3035-clwa-502hall,10007,13368
14776,529hall-3035-clwa-529hall,10007,13368
14777,609hall-3036-clwa-609hall,10007,13369
14778,621hall-3036-clwa-621hall,10007,13369
14779,637hall-3036-clwa-637hall,10007,13369
14780,649hall-3036-clwa-649hall,10007,13369
14781,652-3036-clwa-652,10007,13369
14782,702hall-3037-clwa-702hall,10007,13370
14783,729hall-3037-clwa-729hall,10007,13370
14784,816hall-3038-clwa-816hall,10007,13371
14785,844hall-3038-clwa-844hall,10007,13371
14786,902hall-3039-clwa-902hall,10007,13372
14787,929hall-3039-clwa-929hall,10007,13372
14788,100-3041-clwa-100,10011,13373
14789,136-3041-clwa-136,10011,13373
14790,162-3041-clwa-162,10011,13373
14791,221hall-3042-clwa-221hall,10011,13374
14792,258hall-3042-clwa-258hall,10011,13374
14793,100-3051-clwa-100,10006,13375
14794,100-3051-clwb-100,10006,13375
14795,100-3051-clwc-100,10006,13375
14796,100-3051-clwd-100,10006,13375
14797,100-3051-clwe-100,10006,13375
14798,100-3051-clwf-100,10006,13375
14799,110-3051-clwa-110,10006,13375
14800,110-3051-clwb-110,10006,13375
14801,114-3111-clwa-114,10035,13240
14802,305d-3113-clwa-305d,10035,13376
14803,-100-3131a-clwa-100,10038,13377
14804,-100hall-3131b-clwa-100hall,10038,13377
14805,-120-3131a-clwa-120,10038,13377
14806,102-3151-clwa-102,10034,13378
14807,103-3151-clwa-103,10034,13378
14808,101b-3171-clwa-101b,10028,13379
14809,120a-3171-clwa-120a,10028,13379
14810,108-3231-clwa-108,10039,13380
14811,117hallway-3231-clwa-117hallway,10039,13380
14812,141-3231-clwa-141,10039,13380
14813,208-3232-clwa-208,10039,13381
14814,101-4001-clwa-101,10019,13382
14815,101-4001-clwb-101,10019,13382
14816,101-4001-clwc-101,10019,13382
14817,101-4001-clwd-101,10019,13382
14818,104-4001-clwa-104,10019,13382
14819,104-4001-clwb-104,10019,13382
14820,104-4001-clwc-104,10019,13382
14821,104-4001-clwd-104,10019,13382
14822,108-4001-clwa-108,10019,13382
14823,114-4001-clwa-114,10019,13382
14824,127-4001-clwa-127,10019,13382
14825,hwy152-4001-clwa-hwy152,10019,13382
14826,164-4001-clwa-164,10019,13382
14827,184-4001-clwa-184,10019,13382
14828,188-4001-clwa-188,10019,13382
14829,190-4001-clwa-190,10019,13382
14830,192-4001-clwa-192,10019,13382
14831,hwy210-4002-clwa-hwy210,10019,13383
14832,211-4002-clwa-211,10019,13383
14833,237-4002-clwa-237,10019,13383
14834,hwy240-4002-clwa-hwy240,10019,13383
14835,251-4002-clwa-251,10019,13383
14836,261-4002-clwa-261,10019,13383
14837,270-4002-clwa-270,10019,13383
14838,293-4002-clwa-293,10019,13383
14839,307-4003-clwa-307,10019,13384
14840,hwy310-4003-clwa-hwy310,10019,13384
14841,334hall-4003-clwa-334hall,10019,13384
14842,hwy340-4003-clwa-hwy340,10019,13384
14843,345-4003-clwa-345,10019,13384
14844,361-4003-clwa-361,10019,13384
14845,380-4003-clwa-380,10019,13384
14846,385-4003-clwa-385,10019,13384
14847,hwy410-4004-clwa-hwy410,10019,13385
14848,411-4004-clwa-411,10019,13385
14849,hwy440-4004-clwa-hwy440,10019,13385
14850,441-4004-clwa-441,10019,13385
14851,453-4004-clwa-453,10019,13385
14852,463-4004-clwa-463,10019,13385
14853,481-4004-clwa-481,10019,13385
14854,491-4004-clwa-491,10019,13385
14855,hwy510-4005-clwa-hwy510,10019,13386
14856,513-4005-clwa-513,10019,13386
14857,539-4005-clwa-539,10019,13386
14858,hwy540-4005-clwa-hwy540,10019,13386
14859,553-4005-clwa-553,10019,13386
14860,563-4005-clwa-563,10019,13386
14861,581-4005-clwa-581,10019,13386
14862,591-4005-clwa-591,10019,13386
14863,100-4111-clwa-100,10027,13387
14864,100-4111-clwb-100,10027,13387
14865,100-4111-clwc-100,10027,13387
14866,100-4111-clwd-100,10027,13387
14867,100-4111-clwe-100,10027,13387
14868,100-4111-clwf-100,10027,13387
14869,100-4111-clwg-100,10027,13387
14870,100-4111-clwh-100,10027,13387
14871,100-4111-clwI-100,10027,13387
14872,100-4111-clwJ-100,10027,13387
14873,120-4131-clwa-120,10036,13388
14874,120-4131-clwb-120,10036,13388
14875,140-4131-clwa-140,10036,13388
14876,140-4131-clwb-140,10036,13388
14877,210-4132-clwa-210,10036,13389
14878,220-4132-clwa-220,10036,13389
14879,230-4132-clwa-230,10036,13389
14880,240-4132-clwa-240,10036,13389
14881,106-4151-clwa-106,10047,13390
14882,110-4151-clwa-110,10047,13390
14883,110-4151-clwb-110,10047,13390
14884,114-4151-clwa-114,10047,13390
14885,118-4151-clwa-118,10047,13390
14886,118-4151-clwb-118,10047,13390
14887,120-4151-clwa-120,10047,13390
14888,120-4151-clwb-120,10047,13390
14889,122-4151-clwa-122,10047,13390
14890,122-4151-clwb-122,10047,13390
14891,124-4151-clwa-124,10047,13390
14892,124-4151-clwb-124,10047,13390
14893,210-4152-clwa-210,10047,13391
14894,220-4152-clwa-220,10047,13391
14895,222-4152-clwa-222,10047,13391
14896,226-4152-clwa-226,10047,13391
14897,235hall-4152-clwa-235hall,10047,13391
14898,246-4152-clwa-246,10047,13391
14899,252-4152-clwa-252,10047,13391
14900,256-4152-clwa-256,10047,13391
14901,263hall-4152-clwa-263hall,10047,13391
14902,281hall-4152-clwa-281hall,10047,13391
14903,126-4231-clwa-126,10049,13392
14904,132-4231-clwa-132,10049,13392
14905,172hall-4231-clwa-172hall,10049,13392
14906,178-4231-clwa-178,10049,13392
14907,100-4501-clwa-100,10091,13393
14908,101-4501-clwa-101,10091,13393
14909,109-4501-clwa-109,10091,13393
14910,110-4501-clwa-110,10091,13393
14911,110-4501-clwb-110,10091,13393
14912,200-4502-clwa-200,10091,13394
14913,201-4502-clwa-201,10091,13394
14914,218-4502-clwa-218,10091,13394
14915,100-5011-clwa-100,10020,13395
14916,100-5011-clwb-100,10020,13395
14917,100-5011-clwc-100,10020,13395
14918,100-5011-clwd-100,10020,13395
14919,100-5011-clwe-100,10020,13395
14920,100-5011-clwf-100,10020,13395
14921,100-5011-clwg-100,10020,13395
14922,100-5011-clwH-100,10020,13395
14923,100-5011-clwI-100,10020,13395
14924,100-5011-clwj-100,10020,13395
14925,128-5021-clwa-128,10026,13396
14926,128-5021-clwb-128,10026,13396
14927,134-5021-clwa-134,10026,13396
14928,134-5021-clwb-134,10026,13396
14929,140-5021-clwa-140,10026,13396
14930,149-5021-clwa-149,10026,13396
14931,156-5021-clwa-156,10026,13396
14932,166-5021-clwa-166,10026,13396
14933,169-5021-clwa-169,10026,13396
14934,174-5021-clwa-174,10026,13396
14935,174-5021-clwb-174,10026,13396
14936,226-5022-clwa-226,10026,13397
14937,230-5022-clwa-230,10026,13397
14938,236-5022-clwa-236,10026,13397
14939,237-5022-clwa-237,10026,13397
14940,240-5022-clwa-240,10026,13397
14941,267-5022-clwa-267,10026,13397
14942,272-5022-clwa-272,10026,13397
14943,279-5022-clwa-279,10026,13397
14944,282-5022-clwa-282,10026,13397
14945,288-5022-clwa-288,10026,13397
14946,346-5023-clwa-346,10026,13398
14947,398-5023-clwa-398,10026,13398
14948,426-5024-clwa-426,10026,13399
14949,474-5024-clwa-474,10026,13399
14950,520-5025-clwa-520,10026,13400
14951,560-5025-clwa-560,10026,13400
14952,111-5061-clwa-111,10017,13401
14953,106-5121-clwa-106,10029,13248
14954,121-5121-clwa-121,10029,13248
14955,202-5121-clwa-202,10029,13248
14956,214a-5121-clwa-214a,10029,13248
14957,300-5121-clwa-300,10029,13248
14958,147-5151-clwa-147,10065,13249
14959,-104-5201b-clwa-104,10061,13402
14960,-129hall-5201b-clwa-129hall,10061,13402
14961,-160-5201a-clwa-160,10061,13402
14962,-175-5201a-clwa-175,10061,13402
14963,-184-5201a-clwa-184,10061,13402
14964,-212-5202b-clwa-212,10061,13250
14965,-229-5202b-clwa-229,10061,13250
14966,-311-5203b-clwa-311,10061,13403
14967,-329-5203b-clwa-329,10061,13403
14968,-369-5203b-clwa-369,10061,13403
14969,-371-5203a-clwa-371,10061,13403
14970,-383-5203a-clwa-383,10061,13403
14971,-471-5204a-clwa-471,10061,13251
14972,-480-5204a-clwa-480,10061,13251
14973,-486-5204a-clwa-486,10061,13251
14974,-489-5204a-clwa-489,10061,13251
14975,-571-5205a-clwa-571,10061,13252
14976,-585-5205a-clwa-585,10061,13252
14977,-586-5205a-clwa-586,10061,13252
14978,-602-5206b-clwa-602,10061,13253
14979,-609-5206b-clwa-609,10061,13253
14980,110-5351-clwa-110,12545,13404
14981,114-5351-clwa-114,12545,13404
14982,121-5351-clwa-121,12545,13404
14983,135-5351-clwa-135,12545,13404
14984,3125-0592-clwa-3125,10090,13405
14985,100b-6001-clwa-100b,10012,13406
14986,126-6001-clwa-126,10012,13406
14987,129hall-6001-clwa-129hall,10012,13406
14988,159hall-6001-clwa-159hall,10012,13406
14989,173-6001-clwa-173,10012,13406
14990,200-6002-clwa-200,10012,13407
14991,229hall-6002-clwa-229hall,10012,13407
14992,230-6002-clwa-230,10012,13407
14993,259hall-6002-clwa-259hall,10012,13407
14994,274-6002-clwa-274,10012,13407
14995,300-6003-clwa-300,10012,13408
14996,329hall-6003-clwa-329hall,10012,13408
14997,334-6003-clwa-334,10012,13408
14998,359hall-6003-clwa-359hall,10012,13408
14999,373-6003-clwa-373,10012,13408
15000,ste400-6004-clwa-ste400,10012,13409
15001,429hall-6004-clwa-429hall,10012,13409
15002,430-6004-clwa-430,10012,13409
15003,459hall-6004-clwa-459hall,10012,13409
15004,474-6004-clwa-474,10012,13409
15005,500e-6005-clwa-500e,10012,13410
15006,528-6005-clwa-528,10012,13410
15007,553-6005-clwa-553,10012,13410
15008,100-6011-clwa-100,10009,13257
15009,105-6011-clwa-105,10009,13257
15010,108-6011-clwa-108,10009,13257
15011,112-6011-clwa-112,10009,13257
15012,118-6011-clwa-118,10009,13257
15013,142-6011-clwa-142,10009,13257
15014,143-6011-clwa-143,10009,13257
15015,156-6011-clwa-156,10009,13257
15016,161a-6011-clwa-161a,10009,13257
15017,178-6011-clwa-178,10009,13257
15018,178-6011-clwb-178,10009,13257
15019,178-6011-clwc-178,10009,13257
15020,178-6011-clwd-178,10009,13257
15021,207a-6012-clwa-207a,10009,13411
15022,210-6012-clwa-210,10009,13411
15023,220-6012-clwa-220,10009,13411
15024,226-6012-clwa-226,10009,13411
15025,231-6012-clwa-231,10009,13411
15026,232-6012-clwa-232,10009,13411
15027,242-6012-clwa-242,10009,13411
15028,251-6012-clwa-251,10009,13411
15029,254-6012-clwa-254,10009,13411
15030,262-6012-clwa-262,10009,13411
15031,262-6012-clwb-262,10009,13411
15032,303-6013-clwa-303,10009,13412
15033,340-6013-clwa-340,10009,13412
15034,100-6101-clwa-100,10010,13413
15035,100-6101-clwb-100,10010,13413
15036,100-6101-clwc-100,10010,13413
15037,100-6101-clwd-100,10010,13413
15038,100-6101-clwe-100,10010,13413
15039,100-6101-clwf-100,10010,13413
15040,100-6101-clwg-100,10010,13413
15041,100-6101-clwh-100,10010,13413
15042,110-6101-clwa-110,10010,13413
15043,110-6101-clwb-110,10010,13413
15044,135b-6101-clwa-135b,10010,13413
15045,153-6101-clwa-153,10010,13413
15046,169-6101-clwa-169,10010,13413
15047,185-6101-clwa-185,10010,13413
15048,207hall-6102-clwa-207hall,10010,13414
15049,216hall-6102-clwa-216hall,10010,13414
15050,235-6102-clwa-235,10010,13414
15051,243-6102-clwa-243,10010,13414
15052,249hall-6102-clwa-249hall,10010,13414
15053,273-6102-clwa-273,10010,13414
15054,307hall-6103-clwa-307hall,10010,13415
15055,315hall-6103-clwa-315hall,10010,13415
15056,335-6103-clwa-335,10010,13415
15057,341-6103-clwa-341,10010,13415
15058,343-6103-clwa-343,10010,13415
15059,351hall-6103-clwa-351hall,10010,13415
15060,373hall-6103-clwa-373hall,10010,13415
15061,407hall-6104-clwa-407hall,10010,13416
15062,411hall-6104-clwa-411hall,10010,13416
15063,435-6104-clwa-435,10010,13416
15064,443-6104-clwa-443,10010,13416
15065,451hall-6104-clwa-451hall,10010,13416
15066,473hall-6104-clwa-473hall,10010,13416
15067,104hall-6251-clwa-104hall,12546,13417
15068,109hall-6251-clwa-109hall,12546,13417
15069,128-6251-clwa-128,12546,13417
15070,129-6251-clwa-129,12546,13417
15071,130-6251-clwa-130,12546,13417
15072,131-6251-clwa-131,12546,13417
15073,204hall-6252-clwa-204hall,12546,13418
15074,209hall-6252-clwa-209hall,12546,13418
15075,233-6252-clwa-233,12546,13418
15076,262-6802-clwa-262,10059,13262
15077,279-6802-clwa-279,10059,13262
15078,284-6802-clwa-284,10059,13262
15079,120-7131-clwa-120,12526,13267
15080,128-7131-clwa-128,12526,13267
15081,190-7141-clwa-190,12547,13419
15082,190a-7141-clwa-190a,12547,13419
15083,290-7142-clwa-290,12547,13420
15084,143-7151-clwa-143,12548,13421
15085,246-7152-clwa-246,12548,13422
15086,249-7152-clwa-249,12548,13422
15087,249a-7152-clwa-249a,12548,13422
15088,160-7221-clwa-160,12549,13423
15089,132-7231-clwa-132,12537,13319
15090,101-7251-clwa-101,12550,13424
15091,104-7251-clwa-104,12550,13424
15092,201-7252-clwa-201,12550,13425
15093,209-7252-clwa-209,12550,13425
15094,116-7261-clwa-116,10014,13426
15095,216-7262-clwa-216,10014,13427
15096,218-7262-clwa-218,10014,13427
15097,316-7263-clwa-316,10014,13428
15098,112-8001-clwa-112,12528,13270
15099,122-8001-clwa-122,12528,13270
15100,106-8021-clwa-106,10064,13429
15101,120ghall-8021-clwa-120ghall,10064,13429
15102,252b-8022-clwa-252b,10064,13430
15103,282hall-8022-clwa-282hall,10064,13430
15104,299e-8022-clwa-299e,10064,13430
15105,109f-8101-clwa-109f,10088,13431
15106,118Khall-8101-clwa-118Khall,10088,13431
15107,125-8101-clwa-125,10088,13431
15108,158-8101-clwa-158,10088,13431
15109,240c-8112-clwa-240c,10084,13432
15110,326-8121-clwa-326,10089,13271
15111,342hall-8121-clwa-342hall,10089,13271
15112,354hall-8122-clwa-354hall,10089,13433
15113,381b-8122-clwa-381b,10089,13433
15114,a112hall-8131-clwa-a112hall,10082,13434
15115,a122b-8131-clwa-a122b,10082,13434
15116,a124-8131-clwa-a124,10082,13434
15117,a124-8131-clwb-a124,10082,13434
15118,r102-8171-clwa-r102,10063,13435
15119,a120-8171-clwa-a120,10063,13435
15120,r206-8171-clwa-r206,10063,13435
15121,s206hall-8171-clwa-s206hall,10063,13435
15122,c208hall-8171-clwa-c208hall,10063,13435
15123,r304hall-8171-clwa-r304hall,10063,13435
15124,r402hall-8171-clwa-r402hall,10063,13435
15125,c610hall-8171-clwa-c610hall,10063,13435
15126,c640hall-8171-clwa-c640hall,10063,13435
15127,p202hall-8172-clwa-p202hall,10063,13436
15128,p206hall-8172-clwa-p206hall,10063,13436
15129,206hall-8202-clwa-206hall,10076,13437
15130,228hall-8212-clwa-228hall,10085,13438
15131,e118hall-8271-clwa-e118hall,10087,13272
15132,f110-8311-clwa-f110,10097,13439
15133,f110-8311-clwb-f110,10097,13439
15134,f110-8311-clwc-f110,10097,13439
15135,f110-8311-clwd-f110,10097,13439
15136,f110-8311-clwe-f110,10097,13439
15137,f110-8311-clwf-f110,10097,13439
15138,f110-8311-clwg-f110,10097,13439
15139,f114-8311-clwa-f114,10097,13439
15140,104-8331-clwa-104,12551,13440
15141,111-8351-clwa-111,10079,13441
15142,132-8351-clwa-132,10079,13441
15143,141a-8351-clwa-141a,10079,13441
15144,155c-8351-clwa-155c,10079,13441
15145,171b-8351-clwa-171b,10079,13441
15146,172-8351-clwa-172,10079,13441
15147,182hall-8351-clwa-182hall,10079,13441
15148,aud189-8351-clwa-aud189,10079,13441
15149,aud189-8351-clwb-aud189,10079,13441
15150,aud189-8351-clwc-aud189,10079,13441
15151,aud189-8351-clwd-aud189,10079,13441
15152,aud189-8351-clwe-aud189,10079,13441
15153,aud189-8351-clwf-aud189,10079,13441
15154,aud189-8351-clwg-aud189,10079,13441
15155,aud189-8351-clwh-aud189,10079,13441
15156,aud189-8351-clwi-aud189,10079,13441
15157,193d-8351-clwa-193d,10079,13441
15158,208hall-8352-clwa-208hall,10079,13442
15159,222-8352-clwa-222,10079,13442
15160,246-8352-clwa-246,10079,13442
15161,269-8352-clwa-269,10079,13442
15162,285-8352-clwa-285,10079,13442
15163,291-8352-clwa-291,10079,13442
15164,100-8391-clwa-100,10092,13443
15165,102-8391-clwa-102,10092,13443
15166,105-8391-clwa-105,10092,13443
15167,112-8391-clwa-112,10092,13443
15168,122-8391-clwa-122,10092,13443
15169,140-8391-clwa-140,10092,13443
15170,140-8391-clwb-140,10092,13443
15171,140-8391-clwc-140,10092,13443
15172,144hall-8391-clwa-144hall,10092,13443
15173,150-8391-clwa-150,10092,13443
15174,150-8391-clwb-150,10092,13443
15175,150-8391-clwc-150,10092,13443
15176,154hall-8391-clwa-154hall,10092,13443
15177,164hall-8391-clwa-164hall,10092,13443
15178,200-8392-clwa-200,10092,13444
15179,204-8392-clwa-204,10092,13444
15180,205-8392-clwa-205,10092,13444
15181,216-8392-clwa-216,10092,13444
15182,240-8392-clwa-240,10092,13444
15183,240-8392-clwb-240,10092,13444
15184,240-8392-clwc-240,10092,13444
15185,244hall-8392-clwa-244hall,10092,13444
15186,250-8392-clwa-250,10092,13444
15187,250-8392-clwb-250,10092,13444
15188,250-8392-clwc-250,10092,13444
15189,254hall-8392-clwa-254hall,10092,13444
15190,264hall-8392-clwa-264hall,10092,13444
15191,300-8393-clwa-300,10092,13445
15192,304-8393-clwa-304,10092,13445
15193,307-8393-clwa-307,10092,13445
15194,318-8393-clwa-318,10092,13445
15195,340-8393-clwa-340,10092,13445
15196,40-8393-clwb340,10092,13445
15197,340-8393-clwc-340,10092,13445
15198,344hall-8393-clwa-344hall,10092,13445
15199,350-8393-clwa-350,10092,13445
15200,350-8393-clwb-350,10092,13445
15201,350-8393-clwc-350,10092,13445
15202,354hall-8393-clwa-354hall,10092,13445
15203,362hall-8393-clwa-362hall,10092,13445
15204,111-8971-clwa-111,10048,13446
15205,128-9011-clwa-128,10066,13280
15206,201-9012-clwa-201,10066,13281
15207,2114hall-1012-clwa-2114hall,10002,13217
15208,3100-1013-clwa-3100,10002,13447
15209,3220-1013-clwa-3220,10002,13447
15210,1100-2111-clwa-1100,12512,13448
15211,1100-2111-clwb-1100,12512,13448
15212,1100-2111-clwc-1100,12512,13448
15213,1100-2111-clwd-1100,12512,13448
15214,1100-2111-clwe-1100,12512,13448
15215,1148b-2111-clwa-1148b,12512,13448
15216,1165-2111-clwa-1165,12512,13448
15217,1170-2111-clwa-1170,12512,13448
15218,2102-2112-clwa-2102,12512,13449
15219,2142-2112-clwa-2142,12512,13449
15220,3120-2113-clwa-3120,12512,13450
15221,3165-2113-clwa-3165,12512,13450
15222,4128-2114-clwa-4128,12512,13451
15223,4186-2114-clwa-4186,12512,13451
15224,5130-2115-clwa-5130,12512,13452
15225,1222-2131-clwa-1222,12552,13453
15226,1290-2131-clwa-1290,12552,13453
15227,2206-2132-clwa-2206,12552,13454
15228,2290-2132-clwa-2290,12552,13454
15229,3218-2133-clwa-3218,12552,13455
15230,3266-2133-clwa-3266,12552,13455
15231,4206-2134-clwa-4206,12552,13456
15232,4264-2134-clwa-4264,12552,13456
15233,5226-2135-clwa-5226,12552,13457
15234,5250-2135-clwa-5250,12552,13457
15235,1209-hallway-2141-clwa-1209-hallway,10052,13458
15236,1230-2141-clwa-1230,10052,13458
15237,1241-2141-clwa-1241,10052,13458
15238,1507-2141-clwa-1507,10052,13458
15239,1517-2141-clwa-1517,10052,13458
15240,2200-2142-clwa-2200,10052,13459
15241,2221-hallway-2142-clwa-2221-hallway,10052,13459
15242,2240-2142-clwa-2240,10052,13459
15243,2311-2142-clwa-2311,10052,13459
15244,2334-hallway-2142-clwa-2334-hallway,10052,13459
15245,2556-hallway-2142-clwa-2556-hallway,10052,13459
15246,3209-hallway-2143-clwa-3209-hallway,10052,13460
15247,3220-2143-clwa-3220,10052,13460
15248,3243-hallway-2143-clwa-3243-hallway,10052,13460
15249,3260-2143-clwa-3260,10052,13460
15250,3260-2143-clwb-3260,10052,13460
15251,3311-hallway-2143-clwa-3311-hallway,10052,13460
15252,3323-2143-clwa-3323,10052,13460
15253,3556-hallway-2143-clwa-3556-hallway,10052,13460
15254,4210-2144-clwa-4210,10052,13461
15255,4220-2144-clwa-4220,10052,13461
15256,4225-2144-clwa-4225,10052,13461
15257,4245-2144-clwa-4245,10052,13461
15258,4260-2144-clwa-4260,10052,13461
15259,4323-hallway-2144-clwa-4323-hallway,10052,13461
15260,4549-2144-clwa-4549,10052,13461
15261,4566-hallway-2144-clwa-4566-hallway,10052,13461
15262,5204-hallway-2145-clwa-5204-hallway,10052,13462
15263,5218-hallway-2145-clwa-5218-hallway,10052,13462
15264,5304-2145-clwa-5304,10052,13462
15265,5343-hallway-2145-clwa-5343-hallway,10052,13462
15266,5402-2145-clwa-5402,10052,13462
15267,5416-2145-clwa-5416,10052,13462
15268,5542hall-2145-clwa-5542hall,10052,13462
15269,1304-2151-clwa-1304,12553,13463
15270,1304-2151-clwb-1304,12553,13463
15271,1306-2151-clwa-1306,12553,13463
15272,1306-2151-clwb-1306,12553,13463
15273,1368-2151-clwa-1368,12553,13463
15274,1392-2151-clwa-1392,12553,13463
15275,2307-2152-clwa-2307,12553,13464
15276,2317-2152-clwa-2317,12553,13464
15277,2323-2152-clwa-2323,12553,13464
15278,2372-2152-clwa-2372,12553,13464
15279,3306-2153-clwa-3306,12553,13465
15280,3336-2153-clwa-3336,12553,13465
15281,3366-2153-clwa-3366,12553,13465
15282,1000-2221-clwa-1000,10055,13233
15283,1100-2221-clwa-1100,10055,13233
15284,1128-2221-clwa-1128,10055,13233
15285,1200-2221-clwa-1200,10055,13233
15286,1200-2221-clwb-1200,10055,13233
15287,1200-2221-clwc-1200,10055,13233
15288,1200-2221-clwd-1200,10055,13233
15289,1200-2221-clwe-1200,10055,13233
15290,1200-2221-clwf-1200,10055,13233
15291,1200-2221-clwg-1200,10055,13233
15292,1400-2221-clwa-1400,10055,13233
15293,1400-2221-clwb-1400,10055,13233
15294,2013-2222-clwa-2013,10055,13466
15295,2100-2222-clwa-2100,10055,13466
15296,2100-2222-clwb-2100,10055,13466
15297,2200-2222-clwa-2200,10055,13466
15298,2300-2222-clwa-2300,10055,13466
15299,2321-2222-clwa-2321,10055,13466
15300,2511-2222-clwa-2511,10055,13466
15301,3107hall-2223-clwa-3107hall,10055,13467
15302,3205hall-2223-clwa-3205hall,10055,13467
15303,3300-2223-clwa-3300,10055,13467
15304,3310-2223-clwa-3310,10055,13467
15305,3310-2223-clwb-3310,10055,13467
15306,3410-2223-clwa-3410,10055,13467
15307,3910-2223-clwa-3910,10055,13467
15308,4216hall-2224-clwa-4216hall,10055,13468
15309,4300-2224-clwa-4300,10055,13468
15310,4500-2224-clwa-4500,10055,13468
15311,4530-2224-clwa-4530,10055,13468
15312,4619hall-2224-clwa-4619hall,10055,13468
15313,5100hall-2225-clwa-5100hall,10055,13469
15314,5200-2225-clwa-5200,10055,13469
15315,5300-2225-clwa-5300,10055,13469
15316,5400-2225-clwa-5400,10055,13469
15317,5500-2225-clwa-5500,10055,13469
15318,1111-3081-clwa-1111,10032,13239
15319,1112-3081-clwa-1112,10032,13239
15320,1120-3081-clwa-1120,10032,13239
15321,1121-3081-clwa-1121,10032,13239
15322,1130-3081-clwa-1130,10032,13239
15323,1141b-hallway-3081-clwa-1141b-hallway,10032,13239
15324,1150a-3081-clwa-1150a,10032,13239
15325,1200-3081-clwa-1200,10032,13239
15326,1200-3081-clwb-1200,10032,13239
15327,1200-3081-clwc-1200,10032,13239
15328,1200-3081-clwd-1200,10032,13239
15329,1200-3081-clwe-1200,10032,13239
15330,1200-3081-clwf-1200,10032,13239
15331,1200-3081-clwg-1200,10032,13239
15332,2110-3082-clwa-2110,10032,13470
15333,2111-3082-clwa-2111,10032,13470
15334,2121-3082-clwa-2121,10032,13470
15335,2130-3082-clwa-2130,10032,13470
15336,2141-3082-clwa-2141,10032,13470
15337,2150-3082-clwa-2150,10032,13470
15338,2210-3082-clwa-2210,10032,13470
15339,2212-3082-clwa-2212,10032,13470
15340,2217-3082-clwa-2217,10032,13470
15341,2400-3082-clwa-2400,10032,13470
15342,2409-3082-clwa-2409,10032,13470
15343,2430-3082-clwa-2430,10032,13470
15344,3110-3083-clwa-3110,10032,13471
15345,3111-3083-clwa-3111,10032,13471
15346,3111-3083-clwb-3111,10032,13471
15347,3115-3083-clwa-3115,10032,13471
15348,3121-3083-clwa-3121,10032,13471
15349,3130-3083-clwa-3130,10032,13471
15350,3131-3083-clwa-3131,10032,13471
15351,3200-3083-clwa-3200,10032,13471
15352,3207-3083-clwa-3207,10032,13471
15353,3406-3083-clwa-3406,10032,13471
15354,3418-3083-clwa-3418,10032,13471
15355,3432-3083-clwa-3432,10032,13471
15356,4110-3084-clwa-4110,10032,13472
15357,4111-3084-clwa-4111,10032,13472
15358,4120-3084-clwa-4120,10032,13472
15359,4121-3084-clwa-4121,10032,13472
15360,4130-3084-clwa-4130,10032,13472
15361,4131-3084-clwa-4131,10032,13472
15362,4200-3084-clwa-4200,10032,13472
15363,4200-3084-clwb-4200,10032,13472
15364,4213-3084-clwa-4213,10032,13472
15365,4406-3084-clwa-4406,10032,13472
15366,4418-3084-clwa-4418,10032,13472
15367,4430-3084-clwa-4430,10032,13472
15368,5109-3085-clwa-5109,10032,13473
15369,5212hall-3085-clwa-5212hall,10032,13473
15370,5232hall-3085-clwa-5232hall,10032,13473
15371,5235hall-3085-clwa-5235hall,10032,13473
15372,5268hall-3085-clwa-5268hall,10032,13473
15373,5292hall-3085-clwa-5292hall,10032,13473
15374,5300-3085-clwa-5300,10032,13473
15375,5327-3085-clwa-5327,10032,13473
15376,5400-3085-clwa-5400,10032,13473
15377,5440-3085-clwa-5440,10032,13473
15378,5440hall-3085-clwa-5440hall,10032,13473
15379,1100-3141-clwa-1100,10043,13474
15380,1100-3141-clwb-1100,10043,13474
15381,1100-3141-clwc-1100,10043,13474
15382,1100-3141-clwd-1100,10043,13474
15383,1100-3141-clwe-1100,10043,13474
15384,1200-3141-clwa-1200,10043,13474
15385,1200-3141-clwb-1200,10043,13474
15386,1300-3141-clwa-1300,10043,13474
15387,1300-3141-clwb-1300,10043,13474
15388,1412-3141-clwa-1412,10043,13474
15389,1420-3141-clwa-1420,10043,13474
15390,1422-3141-clwa-1422,10043,13474
15391,1423-3141-clwa-1423,10043,13474
15392,1425-3141-clwa-1425,10043,13474
15393,1427-3141-clwa-1427,10043,13474
15394,1429-3141-clwa-1429,10043,13474
15395,1431-3141-clwa-1431,10043,13474
15396,1433-3141-clwa-1433,10043,13474
15397,1500-3141-clwa-1500,10043,13474
15398,1500-3141-clwb-1500,10043,13474
15399,1600-3141-clwa-1600,10043,13474
15400,1600-3141-clwb-1600,10043,13474
15401,1600-3141-clwc-1600,10043,13474
15402,2019-3142-clwa-2019,10043,13475
15403,2039-3142-clwa-2039,10043,13475
15404,2051-3142-clwa-2051,10043,13475
15405,2059-3142-clwa-2059,10043,13475
15406,2065-3142-clwa-2065,10043,13475
15407,2099-3142-clwa-2099,10043,13475
15408,2209-3142-clwa-2209,10043,13475
15409,2219-3142-clwa-2219,10043,13475
15410,2231-3142-clwa-2231,10043,13475
15411,3019-3143-clwa-3019,10043,13476
15412,3039-3143-clwa-3039,10043,13476
15413,3051-3143-clwa-3051,10043,13476
15414,3059-3143-clwa-3059,10043,13476
15415,3065-3143-clwa-3065,10043,13476
15416,3099-3143-clwa-3099,10043,13476
15417,3209-3143-clwa-3209,10043,13476
15418,3219-3143-clwa-3219,10043,13476
15419,3231-3143-clwa-3231,10043,13476
15420,4019-3144-clwa-4019,10043,13477
15421,4039-3144-clwa-4039,10043,13477
15422,4051-3144-clwa-4051,10043,13477
15423,4059-3144-clwa-4059,10043,13477
15424,4065-3144-clwa-4065,10043,13477
15425,4099-3144-clwa-4099,10043,13477
15426,4209-3144-clwa-4209,10043,13477
15427,4219-3144-clwa-4219,10043,13477
15428,4231-3144-clwa-4231,10043,13477
15429,5019-3145-clwa-5019,10043,13478
15430,5039-3145-clwa-5039,10043,13478
15431,5051-3145-clwa-5051,10043,13478
15432,5059-3145-clwa-5059,10043,13478
15433,5065-3145-clwa-5065,10043,13478
15434,5099-3145-clwa-5099,10043,13478
15435,5209-3145-clwa-5209,10043,13478
15436,5219-3145-clwa-5219,10043,13478
15437,5231-3145-clwa-5231,10043,13478
15438,6011-3146-clwa-6011,10043,13479
15439,6029-3146-clwa-6029,10043,13479
15440,6049-3146-clwa-6049,10043,13479
15441,6122-3146-clwa-6122,10043,13479
15442,6131-3146-clwa-6131,10043,13479
15443,6217-3146-clwa-6217,10043,13479
15444,6219-3146-clwa-6219,10043,13479
15445,-1101-3211b-clwa-1101,10041,13480
15446,-1102-3211b-clwa-1102,10041,13480
15447,-111-3211b-clwa-e1114,10041,13480
15448,3403-3211b-clwa-e1141,10041,13480
15449,-2300-3211b-clwa-e1175,10041,13480
15450,e2145hall-3212b-clwa-e2145hall,10041,13481
15451,0-3212a-clwa-s2233,10041,13481
15452,w2321hall-3212a-clwa-w2321hall,10041,13481
15453,w2340hall-3212a-clwa-w2340hall,10041,13481
15454,e3101-3213b-clwa-e3101,10041,13482
15455,e3112-3213b-clwa-e3112,10041,13482
15456,e3116-3213b-clwa-e3161,10041,13482
15457,s3220hall-3213a-clwa-s3220hall,10041,13482
15458,w3318hall-3213a-clwa-w3318hall,10041,13482
15459,w3330hall-3213a-clwa-w3330hall,10041,13482
15460,e4171-3214b-clwa-e4171,10041,13483
15461,s4211-3214a-clwa-s4211,10041,13483
15462,1301-3251-clwa-1301,10046,13241
15463,1302-3251-clwa-1302,10046,13241
15464,1400-3251-clwa-1400,10046,13241
15465,1400-3251-clwb-1400,10046,13241
15466,2006-3252-clwa-2006,10046,13484
15467,2100-3252-clwa-2100,10046,13484
15468,2301-3252-clwa-2301,10046,13484
15469,2421-3252-clwa-2421,10046,13484
15470,3008-3253-clwa-3008,10046,13242
15471,3100-3253-clwa-3100,10046,13242
15472,4006-3254-clwa-4006,10046,13243
15473,4100-3254-clwa-4100,10046,13243
15474,hallway-1001a-4011-clwa-hallway-1001a,10018,13244
15475,1028-4011-clwa-1028,10018,13244
15476,1123-4011-clwa-1123,10018,13244
15477,1134-4011-clwa-1134,10018,13244
15478,hallway-2006-4012-clwa-hallway-2006,10018,13485
15479,2046-4012-clwa-2046,10018,13485
15480,2141-4012-clwa-2141,10018,13485
15481,2169-4012-clwa-2169,10018,13485
15482,hallway-3026-4013-clwa-hallway-3026,10018,13486
15483,3122-4013-clwa-3122,10018,13486
15484,3171a-4013-clwa-3171a,10018,13486
15485,hallway-4024-4014-clwa-hallway-4024,10018,13487
15486,4129a-4014-clwa-4129a,10018,13487
15487,4171-4014-clwa-4171,10018,13487
15488,hallway-5024-4015-clwa-hallway-5024,10018,13488
15489,hallway-5042-4015-clwa-hallway-5042,10018,13488
15490,1120-4021-clwa-1120,10030,13489
15491,1132-4021-clwa-1132,10030,13489
15492,hwy-1214-4021-clwa-hwy-1214,10030,13489
15493,1422-4021-clwa-1422,10030,13489
15494,1432-4021-clwa-1432,10030,13489
15495,2120-4022-clwa-2120,10030,13490
15496,2138-4022-clwa-2138,10030,13490
15497,hwy-2214-4022-clwa-hwy-2214,10030,13490
15498,hwy-2313-4022-clwa-hwy-2313,10030,13490
15499,hwy-2361-4022-clwa-hwy-2361,10030,13490
15500,hwy-2432-4022-clwa-hwy-2432,10030,13490
15501,3112-4023-clwa-3112,10030,13491
15502,3120-4023-clwa-3120,10030,13491
15503,hwy-3212-4023-clwa-hwy-3212,10030,13491
15504,3300-4023-clwa-3300,10030,13491
15505,3361-4023-clwa-3361,10030,13491
15506,3400-4023-clwa-3400,10030,13491
15507,3400-4023-clwb-3400,10030,13491
15508,4114-4024-clwa-4114,10030,13492
15509,4122-4024-clwa-4122,10030,13492
15510,hwy-4212-4024-clwa-hwy-4212,10030,13492
15511,4300-4024-clwa-4300,10030,13492
15512,4300-4024-clwb-4300,10030,13492
15513,4400-4024-clwa-4400,10030,13492
15514,4400-4024-clwb-4400,10030,13492
15515,5126-4025-clwa-5126,10030,13493
15516,hwy-5217-4025-clwa-hwy-5217,10030,13493
15517,1100-4031-clwa-1100,10015,13494
15518,1100-4031-clwb-1100,10015,13494
15519,1100-4031-clwc-1100,10015,13494
15520,1100-4031-clwd-1100,10015,13494
15521,1100-4031-clwe-1100,10015,13494
15522,1100-4031-clwf-1100,10015,13494
15523,1100-4031-clwg-1100,10015,13494
15524,1200-4031-clwa-1200,10015,13494
15525,1200-4031-clwb-1200,10015,13494
15526,1300-4031-clwa-1300,10015,13494
15527,1300-4031-clwb-1300,10015,13494
15528,1900-4041-clwa-1900,10040,13495
15529,2920-4042-clwa-2920,10040,13496
15530,2940-4042-clwa-2940,10040,13496
15531,1222-4171-clwa-1222,10042,13497
15532,1311-4171-clwa-1311,10042,13497
15533,2214-4172-clwa-2214,10042,13498
15534,2313-4172-clwa-2313,10042,13498
15535,3111-4173-clwa-3111,10042,13499
15536,3215-4173-clwa-3215,10042,13499
15537,3321hall-4173-clwa-3321hall,10042,13499
15538,1114Hall-5031-clwa-1114Hall,10013,13500
15539,1132hall-5031-clwa-1132hall,10013,13500
15540,1216Hall-5031-clwa-1216Hall,10013,13500
15541,1310b-5031-clwa-1310b,10013,13500
15542,1416-5031-clwa-1416,10013,13500
15543,2139Hall-5032-clwa-2139Hall,10013,13501
15544,2205Hall-5032-clwa-2205Hall,10013,13501
15545,2236Hall-5032-clwa-2236Hall,10013,13501
15546,2413Hall-5032-clwa-2413Hall,10013,13501
15547,3108Hall-5033-clwa-3108Hall,10013,13502
15548,3209Hall-5033-clwa-3209Hall,10013,13502
15549,3236Hall-5033-clwa-3236Hall,10013,13502
15550,3316Hall-5033-clwa-3316Hall,10013,13502
15551,3416-5033-clwa-3416,10013,13502
15552,4137Hall-5034-clwa-4137Hall,10013,13503
15553,4205Hall-5034-clwa-4205Hall,10013,13503
15554,4307Hall-5034-clwa-4307Hall,10013,13503
15555,4404Hall-5034-clwa-4404Hall,10013,13503
15556,5215-5035-clwa-5215,10013,13504
15557,5339a-5035-clwa-5339a,10013,13504
15558,5414-5035-clwa-5414,10013,13504
15559,-1114a-5171a-clwa-1114a,10037,13505
15560,-1242-5171a-clwa-1242,10037,13505
15561,-1413-5171a-clwa-1413,10037,13505
15562,-2124-5172a-clwa-2124,10037,13506
15563,-2144-5172a-clwa-2144,10037,13506
15564,-2242-5172a-clwa-2242,10037,13506
15565,-2302-5172b-clwa-2302,10037,13506
15566,-2302-5172b-clwb-2302,10037,13506
15567,-2403-5172b-clwa-2403,10037,13506
15568,-2403-5172b-clwb-2403,10037,13506
15569,-3112-5173a-clwa-3112,10037,13507
15570,-3242-5173a-clwa-3242,10037,13507
15571,-3302-5173b-clwa-3302,10037,13507
15572,-3304-5173b-clwa-3304,10037,13507
15573,-3403-5173b-clwa-3403,10037,13507
15574,-3403-5173b-clwb-3403,10037,13507
15575,-4112-5174a-clwa-4112,10037,13508
15576,-4242-5174a-clwa-4242,10037,13508
15577,-4302-5174b-clwa-4302,10037,13508
15578,-4302-5174b-clwb-4302,10037,13508
15579,-4403-5174b-clwa-4403,10037,13508
15580,-4403-5174b-clwb-4403,10037,13508
15581,1002hallway-5191-clwa-1002hallway,10031,13509
15582,1200-5191-clwa-1200,10031,13509
15583,1200-5191-clwb-1200,10031,13509
15584,1200-5191-clwc-1200,10031,13509
15585,1200-5191-clwd-1200,10031,13509
15586,1200-5191-clwe-1200,10031,13509
15587,1200-5191-clwf-1200,10031,13509
15588,1200-5191-clwg-1200,10031,13509
15589,1200-5191-clwh-1200,10031,13509
15590,1200-5191-clwi-1200,10031,13509
15591,1200-5191-clwj-1200,10031,13509
15592,1314hallway-5191-clwa-1314hallway,10031,13509
15593,1328hallway-5191-clwa-1328hallway,10031,13509
15594,1400-5191-clwa-1400,10031,13509
15595,1400-5191-clwb-1400,10031,13509
15596,1421hallway-5191-clwa-1421hallway,10031,13509
15597,2013hallway-5192-clwa-2013hallway,10031,13510
15598,2130-5192-clwa-2130,10031,13510
15599,2218hallway-5192-clwa-2218hallway,10031,13510
15600,2300-5192-clwa-2300,10031,13510
15601,2300-5192-clwb-2300,10031,13510
15602,2300-5192-clwc-2300,10031,13510
15603,2331-5192-clwa-2331,10031,13510
15604,2400-5192-clwa-2400,10031,13510
15605,2400-5192-clwb-2400,10031,13510
15606,2639hallway-5192-clwa-2639hallway,10031,13510
15607,3025hallway-5193-clwa-3025hallway,10031,13511
15608,3114hallway-5193-clwa-3114hallway,10031,13511
15609,3130-5193-clwa-3130,10031,13511
15610,3300-5193-clwa-3300,10031,13511
15611,3300-5193-clwb-3300,10031,13511
15612,3300-5193-clwc-3300,10031,13511
15613,3400-5193-clwa-3400,10031,13511
15614,3400-5193-clwb-3400,10031,13511
15615,3400-5193-clwc-3400,10031,13511
15616,3622hallway-5193-clwa-3622hallway,10031,13511
15617,-6129hall-5206b-clwa-6129hall,10061,13253
15618,-6165hall-5206a-clwa-6165hall,10061,13253
15619,-6305hall-5206a-clwa-6305hall,10061,13253
15620,-6337hall-5206b-clwa-6337hall,10061,13253
15621,1100-6051-clwa-1100,10058,13258
15622,1100-6051-clwb-1100,10058,13258
15623,1110-6051-clwa-1110,10058,13258
15624,1110-6051-clwb-1110,10058,13258
15625,1120-6051-clwa-1120,10058,13258
15626,1120-6051-clwb-1120,10058,13258
15627,1600-6051-clwa-1600,10058,13258
15628,1600-6051-clwb-1600,10058,13258
15629,1600-6051-clwc-1600,10058,13258
15630,1600-6051-clwd-1600,10058,13258
15631,1700-6051-clwa-1700,10058,13258
15632,1700-6051-clwb-1700,10058,13258
15633,1700-6051-clwc-1700,10058,13258
15634,1700-6051-clwd-1700,10058,13258
15635,2100-6052-clwa-2100,10058,13259
15636,2100-6052-clwb-2100,10058,13259
15637,2200-6052-clwa-2200,10058,13259
15638,2200-6052-clwb-2200,10058,13259
15639,2210-6052-clwa-2210,10058,13259
15640,2500-6052-clwa-2500,10058,13259
15641,2500-6052-clwb-2500,10058,13259
15642,2510-6052-clwa-2510,10058,13259
15643,2600-6052-clwa-2600,10058,13259
15644,2600-6052-clwb-2600,10058,13259
15645,2610-6052-clwa-2610,10058,13259
15646,2700-6052-clwa-2700,10058,13259
15647,2700-6052-clwb-2700,10058,13259
15648,2710-6052-clwa-2710,10058,13259
15649,2800-6052-clwa-2800,10058,13259
15650,2800-6052-clwb-2800,10058,13259
15651,3000-6053-clwa-3000,10058,13260
15652,3200-6053-clwa-3200,10058,13260
15653,3200hall-6053-clwa-3200hall,10058,13260
15654,3200hall-6053-clwb-3200hall,10058,13260
15655,3200hall-6053-clwc-3200hall,10058,13260
15656,3200hall-6053-clwd-3200hall,10058,13260
15657,3200hall-6053-clwe-3200hall,10058,13260
15658,3200hall-6053-clwf-3200hall,10058,13260
15659,3200hall-6053-clwg-3200hall,10058,13260
15660,3249-6053-clwa-3249,10058,13260
15661,3255-6053-clwa-3255,10058,13260
15662,3271-6053-clwa-3271,10058,13260
15663,3310-6053-clwa-3310,10058,13260
15664,3400hall-6053-clwa-3400hall,10058,13260
15665,3500-6053-clwa-3500,10058,13260
15666,3500hall-6053-clwa-3500hall,10058,13260
15667,3600-6053-clwa-3600,10058,13260
15668,3600hall-6053-clwa-3600hall,10058,13260
15669,3600-6053-clwb-3600,10058,13260
15670,3610-6053-clwa-3610,10058,13260
15671,3610-6053-clwb-3610,10058,13260
15672,3700-6053-clwa-3700,10058,13260
15673,3700hall-6053-clwa-3700hall,10058,13260
15674,3710-6053-clwa-3710,10058,13260
15675,3720-6053-clwa-3720,10058,13260
15676,3730-6053-clwa-3730,10058,13260
15677,3740-6053-clwa-3740,10058,13260
15678,3750-6053-clwa-3750,10058,13260
15679,1002-6111-clwa-1002,10008,13512
15680,1010-6111-clwa-1010,10008,13512
15681,1012-6111-clwa-1012,10008,13512
15682,1022-6111-clwa-1022,10008,13512
15683,1030-6111-clwa-1030,10008,13512
15684,1030-6111-clwb-1030,10008,13512
15685,1070-6111-clwa-1070,10008,13512
15686,1070-6111-clwb-1070,10008,13512
15687,1070-6111-clwc-1070,10008,13512
15688,1114-6111-clwa-1114,10008,13512
15689,1121-6111-clwa-1121,10008,13512
15690,1127-6111-clwa-1127,10008,13512
15691,1128-6111-clwa-1128,10008,13512
15692,1341-6111-clwa-1341,10008,13512
15693,1800-6111-clwa-1800,10008,13512
15694,1800-6111-clwb-1800,10008,13512
15695,1800-6111-clwc-1800,10008,13512
15696,2001-6112-clwa-2001,10008,13513
15697,2020-6112-clwa-2020,10008,13513
15698,2104-6112-clwa-2104,10008,13513
15699,2116-6112-clwa-2116,10008,13513
15700,2127-6112-clwa-2127,10008,13513
15701,2128-6112-clwa-2128,10008,13513
15702,2200-6112-clwa-2200,10008,13513
15703,2216-6112-clwa-2216,10008,13513
15704,2230-6112-clwa-2230,10008,13513
15705,2310-6112-clwa-2310,10008,13513
15706,2320-6112-clwa-2320,10008,13513
15707,2341-6112-clwa-2341,10008,13513
15708,3016-6113-clwa-3016,10008,13514
15709,3045-6113-clwa-3045,10008,13514
15710,3104-6113-clwa-3104,10008,13514
15711,3118-6113-clwa-3118,10008,13514
15712,3200-6113-clwa-3200,10008,13514
15713,3216-6113-clwa-3216,10008,13514
15714,3230-6113-clwa-3230,10008,13514
15715,3301-6113-clwa-3301,10008,13514
15716,3338-6113-clwa-3338,10008,13514
15717,3341-6113-clwa-3341,10008,13514
15718,4000-6114-clwa-4000,10008,13515
15719,4011-6114-clwa-4011,10008,13515
15720,4022-6114-clwa-4022,10008,13515
15721,4035-6114-clwa-4035,10008,13515
15722,4100-6114-clwa-4100,10008,13515
15723,4110-6114-clwa-4110,10008,13515
15724,4120-6114-clwa-4120,10008,13515
15725,4216-6114-clwa-4216,10008,13515
15726,4301-6114-clwa-4301,10008,13515
15727,4347-6114-clwa-4347,10008,13515
15728,1010-6531-clwa-1010,10051,13516
15729,1020-6531-clwa-1020,10051,13516
15730,1030-6531-clwa-1030,10051,13516
15731,1030-6531-clwb-1030,10051,13516
15732,1050-6531-clwa-1050,10051,13516
15733,1070-6531-clwa-1070,10051,13516
15734,2010-6532-clwa-2010,10051,13517
15735,2030-6532-clwa-2030,10051,13517
15736,2040-6532-clwa-2040,10051,13517
15737,2080-6532-clwa-2080,10051,13517
15738,3010-6533-clwa-3010,10051,13518
15739,3030-6533-clwa-3030,10051,13518
15740,3070-6533-clwa-3070,10051,13518
15741,4024hall-6534-clwa-4024hall,10051,13519
15742,4072hall-6534-clwa-4072hall,10051,13519
15743,1021-7211-clwa-1021,10056,13268
15744,1102-7211-clwa-1102,10056,13268
15745,1201-7211-clwa-1201,10056,13268
15746,1201-7211-clwb-1201,10056,13268
15747,1201-7211-clwc-1201,10056,13268
15748,1901-Lobby-7211-clwb-1901-Lobby,10056,13268
15749,2016-7212-clwa-2016,10056,13520
15750,2028-7212-clwa-2028,10056,13520
15751,2037-7212-clwa-2037,10056,13520
15752,2037-7212-clwb-2037,10056,13520
15753,2037-7212-clwc-2037,10056,13520
15754,2037-7212-clwd-2037,10056,13520
15755,2038-7212-clwa-2038,10056,13520
15756,2042-7212-clwa-2042,10056,13520
15757,2052-7212-clwa-2052,10056,13520
15758,3002-7213-clwa-3002,10056,13521
15759,3006-7213-clwa-3006,10056,13521
15760,3013-7213-clwa-3013,10056,13521
15761,3026-7213-clwa-3026,10056,13521
15762,3036-7213-clwa-3036,10056,13521
15763,3100-7213-clwa-3100,10056,13521
15764,3100-7213-clwb-3100,10056,13521
15765,3201-7213-clwa-3201,10056,13521
15766,3201-7213-clwb-3201,10056,13521
15767,4006-7214-clwa-4006,10056,13522
15768,4018-7214-clwa-4018,10056,13522
15769,4030-7214-clwa-4030,10056,13522
15770,4042-7214-clwa-4042,10056,13522
15771,4054-7214-clwa-4054,10056,13522
15772,4059-7214-clwa-4059,10056,13522
15773,4066-7214-clwa-4066,10056,13522
15774,1100a-7281-clwa-1100a,12527,13269
15775,1130-7281-clwa-1130,12527,13269
15776,1023hall-8191-clwa-1023hall,10083,13523
15777,1033hall-8191-clwa-1033hall,10083,13523
15778,1043hall-8191-clwa-1043hall,10083,13523
15779,1200-8201-clwa-1200,10076,13524
15780,1307hall-8201-clwa-1307hall,10076,13524
15781,1319hall-8201-clwa-1319hall,10076,13524
15782,1502-8201-clwa-1502,10076,13524
15783,1514-8201-clwa-1514,10076,13524
15784,1548-8201-clwa-1548,10076,13524
15785,1603hall-8201-clwa-1603hall,10076,13524
15786,2113hall-8202-clwa-2113hall,10076,13437
15787,2214hall-8202-clwa-2214hall,10076,13437
15788,2219hall-8202-clwa-2219hall,10076,13437
15789,1000-8361-clwa-1000,10081,13273
15790,1008-8361-clwa-1008,10081,13273
15791,1008hall-8361-clwa-1008hall,10081,13273
15792,1019hall-8361-clwa-1019hall,10081,13273
15793,1028hall-8361-clwa-1028hall,10081,13273
15794,1047-8361-clwa-1047,10081,13273
15795,1108-8361-clwa-1108,10081,13273
15796,1120-8361-clwa-1120,10081,13273
15797,1128-8361-clwa-1128,10081,13273
15798,2004hall-8362-clwa-2004hall,10081,13525
15799,2011hall-8362-clwa-2011hall,10081,13525
15800,2018hall-8362-clwa-2018hall,10081,13525
15801,2022hall-8362-clwa-2022hall,10081,13525
15802,2090-8362-clwa-2090,10081,13525
15803,2092-8362-clwa-2092,10081,13525
15804,2094-8362-clwa-2094,10081,13525
15805,2104-8362-clwa-2104,10081,13525
15806,2111-8362-clwa-2111,10081,13525
15807,2112-8362-clwa-2112,10081,13525
15808,3004-8363-clwa-3004,10081,13526
15809,3004-8363-clwb-3004,10081,13526
15810,3004-8363-clwc-3004,10081,13526
15811,3036hall-8363-clwa-3036hall,10081,13526
15812,3044-8363-clwa-3044,10081,13526
15813,3052-8363-clwa-3052,10081,13526
15814,3070-8363-clwa-3070,10081,13526
15815,3070-8363-clwb-3070,10081,13526
15816,3107-8363-clwa-3107,10081,13526
15817,3119-8363-clwa-3119,10081,13526
15818,3125-8363-clwa-3125,10081,13526
15819,1133-8371-clwa-1133,10075,13527
15820,1042-8431-clwa-1042,10077,13528
15821,1105hall-8431-clwa-1105hall,10077,13528
15822,1113hall-8431-clwa-1113hall,10077,13528
15823,1305b-8431-clwa-1305b,10077,13528
15824,1331hall-8431-clwa-1331hall,10077,13528
15825,1363-8431-clwa-1363,10077,13528
15826,2044-8432-clwa-2044,10077,13529
15827,2062-8432-clwa-2062,10077,13529
15828,2101-8432-clwa-2101,10077,13529
15829,2501-8432-clwa-2501,10077,13529
15830,1014-8451-clwa-1014,10096,13274
15831,1029-8451-clwa-1029,10096,13274
15832,1207-8451-clwa-1207,10096,13274
15833,1219-8451-clwa-1219,10096,13274
15834,1231-8451-clwa-1231,10096,13274
15835,1302-8451-clwa-1302,10096,13274
15836,1514-8451-clwa-1514,10096,13274
15837,2000-8452-clwa-2000,10096,13275
15838,2101-8452-clwa-2101,10096,13275
15839,2101-8452-clwb-2101,10096,13275
15840,2200-8452-clwa-2200,10096,13275
15841,2200-8452-clwb-2200,10096,13275
15842,2200-8452-clwc-2200,10096,13275
15843,2400-8452-clwa-2400,10096,13275
15844,3101-8453-clwa-3101,10096,13276
15845,3101-8453-clwb-3101,10096,13276
15846,3101-8453-clwc-3101,10096,13276
15847,3200-8453-clwa-3200,10096,13276
15848,3200-8453-clwb-3200,10096,13276
15849,4000-8454-clwa-4000,10096,13277
15850,4001-8454-clwa-4001,10096,13277
15851,4001-8454-clwb-4001,10096,13277
15852,4002-8454-clwa-4002,10096,13277
15853,4025-8454-clwa-4025,10096,13277
15854,4054-8454-clwa-4054,10096,13277
15855,4100-8454-clwa-4100,10096,13277
15856,4200-8454-clwa-4200,10096,13277
15857,4400-8454-clwa-4400,10096,13277
15858,4500-8454-clwa-4500,10096,13277
15859,1006-8501-clwa-1006,10074,13278
15860,1117hall-8501-clwa-1117hall,10074,13278
15861,1134hall-8501-clwa-1134hall,10074,13278
15862,1206hall-8501-clwa-1206hall,10074,13278
15863,1311hall-8501-clwa-1311hall,10074,13278
15864,1409hall-8501-clwa-1409hall,10074,13278
15865,3000a-8503-clwa-3000a,10074,13530
15866,3012hall-8503-clwa-3012hall,10074,13530
15867,3119hall-8503-clwa-3119hall,10074,13530
15868,3126hall-8503-clwa-3126hall,10074,13530
15869,130-a011-clwa-130,12554,13531
15870,130-a011-clwb-130,12554,13531
15871,130-a011-clwc-130,12554,13531
15872,-105hall-a011a-clwa-105hall,12554,13531
15873,-117hall-a011a-clwa-117hall,12554,13531
15874,201-a012-clwa-201,12554,13532
15875,211-a012-clwa-211,12554,13532
15876,214-a012-clwa-214,12554,13532
15877,218-a012-clwa-218,12554,13532
15878,214-a012-clwb-214,12554,13532
15879,150-c001-clwa-150,12555,13533
15880,150-c001-clwb-150,12555,13533
15881,150-c001-clwc-150,12555,13533
15882,150-c001-clwd-150,12555,13533
15883,150-c001-clwe-150,12555,13533
15884,150-c001-clwf-150,12555,13533
15885,150-c001-clwg-150,12555,13533
15886,150-c001-clwh-150,12555,13533
15887,150-c001-clwi-150,12555,13533
15888,150-c001-clwj-150,12555,13533
15889,150-c001-clwk-150,12555,13533
15890,200-c042-clwa-200,12555,13534
15891,250-c042-clwa-250,12555,13534
15892,200-c042-clwb-200,12555,13534
15893,250-c042-clwb-250,12555,13534
15894,200-c042-clwc-200,12555,13534
15895,250-c042-clwc-250,12555,13534
15896,200-c042-clwd-200,12555,13534
15897,250-c042-clwd-250,12555,13534
15898,200-c042-clwe-200,12555,13534
15899,250-c042-clwe-250,12555,13534
15900,200-c042-clwf-200,12555,13534
15901,250-c042-clwf-250,12555,13534
15902,beach-c042b-clwa-beach,12555,13534
15903,game-c042b-clwa-game,12555,13534
15904,beach-c042b-clwb-beach,12555,13534
15905,6533-chc1-clwa-6533,10069,13535
15906,013hall-cpt1-clwa-013hall,10067,13536
15907,23-cpt1-clwa-023,10067,13536
15908,35-cpt1-clwa-035,10067,13536
15909,142hall-cpt1-clwa-142hall,10067,13536
15910,153hall-cpt1-clwa-153hall,10067,13536
15911,commons-e331-clwa-commons,12556,13537
15912,commons-e331-clwb-commons,12556,13537
15913,mdf-grp1-clwa-mdf,12557,13538
15914,200-i312-clwa-200,12558,13539
15915,250-i312-clwa-250,12558,13539
15916,251-i312-clwa-251,12558,13539
15917,200-i312-clwb-200,12558,13539
15918,250-i312-clwb-250,12558,13539
15919,200-i312-clwc-200,12558,13539
15920,250-i312-clwc-250,12558,13539
15921,250-i312-clwd-250,12558,13539
15922,200-i412-clwa-200,12558,13539
15923,200-i412-clwb-200,12558,13539
15924,200-i412-clwc-200,12558,13539
15925,200-i412-clwd-200,12558,13539
15926,200-i412-clwe-200,12558,13539
15927,200-i412-clwf-200,12558,13539
15928,200-i412-clwg-200,12558,13539
15929,200-i412-clwh-200,12558,13539
15930,1-ich1-clwa-01,12559,13540
15931,3-ich1-clwa-03,12559,13540
15932,4-ich1-clwa-04,12559,13540
15933,closet-ip41-clwa-closet,12560,13541
15934,hallway-ip41-clwa-hallway,12560,13541
15935,planter-ip41-clwa-planter,12560,13541
15936,pantry-m791-clwa-pantry,12561,13542
15937,trailer-m791-clwa-trailer,12561,13542
15938,trailer-m791-clwb-trailer,12561,13542
15939,trailer-m791-clwc-trailer,12561,13542
15940,trailer-m791-clwd-trailer,12561,13542
15941,trailer-m791-clwe-trailer,12561,13542
15942,105-pv21-clwa-105,12562,13543
15943,community-pv22-clwa-community,12562,13544
15944,a-clubhouse-pv2500-clwa-clubhouse,12562,13545
15945,office-scp1-clwa-office,10094,13546
15946,108hall-t001-clwa-108hall,12563,13547
15947,121hall-t001-clwa-121hall,12563,13547
15948,134-t001-clwa-134,12563,13547
15949,158-t001-clwa-158,12563,13547
15950,comm-t002-clwa-comm,12563,13548
15951,uadv-t002-clwa-uadv,12563,13548
15952,uadv270-t002-clwa-uadv270,12563,13548
15953,uadv-t002-clwb-uadv,12563,13548
15954,250-t112-clwa-250,12563,13548
15955,250-t112-clwb-250,12563,13548
15956,250-t112-clwc-250,12563,13548
15957,250-t112-clwd-250,12563,13548
15958,250-t112-clwe-250,12563,13548
15959,-200-t112a-clwa-200,12563,13548
15960,-200-t112a-clwb-200,12563,13548
15961,-200-t112a-clwc-200,12563,13548
15962,100-t201-clwa-100,12564,13549
15963,100-t201-clwb-100,12564,13549
15964,100-t201-clwc-100,12564,13549
15965,100-t201-clwd-100,12564,13549
15966,100-t201-clwe-100,12564,13549
15967,100-t201-clwf-100,12564,13549
15968,100-t201-clwg-100,12564,13549
15969,200-t202-clwa-200,12564,13550
15970,200-t202-clwb-200,12564,13550
15971,200-t202-clwc-200,12564,13550
15972,200-t202-clwd-200,12564,13550
15973,200-t202-clwe-200,12564,13550
15974,familyrm-tuh1-clwa-familyrm,12565,13551
15975,garage-tuh1-clwa-garage,12565,13551
15976,guest-tuh1-clwa-guest,12565,13551
15977,library-tuh1-clwa-library,12565,13551
15978,living-tuh1-clwa-living,12565,13551
15979,saferm-tuh1-clwa-saferm,12565,13551
15980,servkitchen-tuh1-clwa-servkitchen,12565,13551
15981,suite-f-twr1-clwa-suite-f,10001,13552
15982,suite-f-twr1-clwb-suite-f,10001,13552
15983,220-twr2-clwa-220,10001,13553
15984,350-twr3-clwa-350,10001,13554
15985,380-twr3-clwa-380,10001,13554
15986,350-twr3-clwb-350,10001,13554
15987,380-twr3-clwb-380,10001,13554
15988,111-v671-clwa-111,12567,13555
15989,111-v681-clwa-111,12568,13556
15990,commons-ver1-clwa-commons,12569,13557
15991,6537-vpe1-clwa-6537,12570,13558
15992,3300-vpp1-clwa-3300,12571,13559
